#	PLAYER	POS	TEAM	GP	ST	MIN	G		#	PLAYER	POS	TEAM	GP	ST	MIN	A		#	PLAYER	POS	TEAM	GP	ST	MIN	RTG		#	PLAYER	POS	TEAM	GP	ST	MIN	CC		#	PLAYER	POS	TEAM	GP	ST	MIN	DC		#	PLAYER	POS	TEAM	GP	ST	MIN	S
1	Artem Tkachenko	FWD	SID	6	6	518	10		1	Octave Desjardins	MID	ARV	6	6	339	7		1	Gonzalo Valbuena	MID	ASK	4	4	239	8.1		1	Sepideh Shakibaii	MID	VAR	9	9	432	23		1	Kōzō Fujise	DEF	NCH	9	9	695	71		1	Eisuke Sato	GK	NCH	9	9	810	78
2	József Antall	FWD	TUR	4	4	266	7		2	Sudhir Chakraborty	MID	NHO	7	7	379	6		2	Youssef Valverde	MID	AEM	3	3	198	7.9		2	Octave Desjardins	MID	ARV	6	6	339	20		2	Touraj Hayaii	DEF	VAR	9	9	739	71		2	Vahid Lorestani	GK	VAR	9	9	810	69
3	Guillaume Maison	MID	ARV	6	6	356	6		3	Omar Kazluaska	MID	LVO	4	4	242	4		3	József Antall	FWD	TUR	4	4	266	7.8		3	Omar Kazluaska	MID	LVO	4	4	242	17		3	Gen Fija	DEF	NCH	9	9	810	67		3	Rafael Rosario	GK	AUR	8	8	720	57
4	Pita Rata	FWD	ANH	6	6	375	6		4	August Rittenhouse	MID	PON	5	5	348	4		4	William Levice	MID	SAL	5	5	325	7.8		4	Orkun Çeti̇n	MID	SEL	6	6	338	17		4	Eskandar Dehghan	DEF	VAR	9	9	810	66		4	Piers Skoronsky	GK	SAL	5	5	450	49
5	Saīd Farzan	FWD	VAR	8	0	280	6		5	Sepideh Shakibaii	MID	VAR	9	9	432	4		5	Chenguang Pei	FWD	GUA	3	3	270	7.7		5	Jadarian Royce	MID	ESU	5	5	305	16		5	Kazuyoshi Hiranuma	DEF	NCH	9	9	810	63		5	Matthias Noack	GK	ALE	5	5	450	48
6	Laurenz Reinhart	FWD	PON	5	0	132	5		6	Artem Tkachenko	FWD	SID	6	6	518	3		6	Kasper Kaljurand	MID	KAR	3	3	193	7.7		6	Sudhir Chakraborty	MID	NHO	7	7	379	16		6	Jenaro Salamanca	DEF	AUR	8	8	675	60		6	Callum Calhoun	GK	HOL	6	6	540	40
7	Daulat Siregar	FWD	CAH	6	6	387	5		7	Juvenal Vera	FWD	AUR	8	8	411	3		7	Kakha Kvernadze	MID	AEK	4	4	242	7.7		7	August Rittenhouse	MID	PON	5	5	348	15		7	Genma Nishigawa	DEF	NCH	9	9	753	60		7	Spencer Jackson	GK	ESU	5	5	450	36
8	Kamal Bodhipal	FWD	NHO	7	7	467	5		8	Chenguang Pei	FWD	GUA	3	3	270	2		8	Jadarian Royce	MID	ESU	5	5	305	7.7		8	Sviatoslav Boyko	MID	SID	6	6	421	15		8	Leonardo Urdaneta	DEF	HOL	6	6	540	59		8	Basem Shenouda	GK	NRG	5	5	450	33
9	Tatsuki Akagawa	FWD	NHO	7	7	465	5		9	Youssef Valverde	MID	AEM	3	3	198	2		9	Sepideh Shakibaii	MID	VAR	9	9	432	7.7		9	Luca Higashiyama	MID	NCH	9	9	388	15		9	Ardalan Danesh	DEF	VAR	9	9	746	59		9	Magnus Andersson	GK	SKJ	7	7	630	32
10	Rosendo Zapatero	FWD	AUR	8	8	381	5		10	Jaan Soosaar	MID	KAR	3	3	239	2		10	Simphiwe Chabalala	MID	ASP	3	3	158	7.6		10	Victor Tvedt	MID	SKJ	7	7	445	14		10	Jose Carlos Pescador	DEF	AUR	8	8	720	57		10	Nikolaos Papadopoulos	GK	AST	4	4	360	28
11	Ganzorig Erdene	FWD	NCH	9	9	475	5		11	Domenico Vivaldi	DEF	VIC	3	3	234	2		11	Étienne Trieu	MID	ATK	4	4	246	7.6		11	Daru Jafari	MID	VAR	8	8	496	14		11	Makoto Kishima	MID	NCH	9	9	786	56		11	Gareth Tipene	GK	ANH	6	6	540	28
12	Pedram Nazeri	FWD	VAR	9	9	530	5		12	Vilmos Szilágyi	FWD	TUR	4	4	315	2		12	August Rittenhouse	MID	PON	5	5	348	7.6		12	Gonzalo Valbuena	MID	ASK	4	4	239	13		12	Victor Tvedt	MID	SKJ	7	7	445	55		12	Atiqtalik Ahmaogak	GK	MOR	4	4	360	27
13	Paulus Schmidt	FWD	LVO	4	4	219	4		13	Kakha Kvernadze	MID	AEK	4	4	242	2		13	Octave Desjardins	MID	ARV	6	6	339	7.6		13	Artem Tkachenko	FWD	SID	6	6	518	13		13	Kenneth Haugland	DEF	SKJ	7	7	584	55		13	Ahmet Aydin	GK	SEL	6	6	540	27
14	Wilhelm Giesel	FWD	PON	5	5	320	4		14	Tkabë Kichá	MID	NMZ	4	0	162	2		14	Sviatoslav Boyko	MID	SID	6	6	421	7.6		14	Erik Sundqvist	MID	SKJ	7	7	542	13		14	Efraín Arenas	DEF	AUR	8	8	666	55		14	Raka Wijaya	GK	CAH	6	6	540	24
15	Itsuki Goto	FWD	NKI	5	5	275	4		15	Gonzalo Valbuena	MID	ASK	4	4	239	2		15	Sudhir Chakraborty	MID	NHO	7	7	379	7.6		15	Olegario Pérez	MID	AUR	8	8	437	13		15	Sepideh Shakibaii	MID	VAR	9	9	432	54		15	Ashim Bhattacharya	GK	NHO	7	7	630	24
16	Octave Desjardins	MID	ARV	6	6	339	4		16	Kurt Eberle	FWD	AKG	5	0	182	2		16	Anoup Ptahmose	MID	KMT	2	2	139	7.5		16	Chenguang Pei	FWD	GUA	3	3	270	12		16	Erik Sundqvist	MID	SKJ	7	7	542	52		16	Xavier Cienfuegos	GK	ASK	5	5	450	23
17	Sviatoslav Boyko	MID	SID	6	6	421	4		17	Ikki Dazai	MID	NCH	5	0	158	2		17	Renzo Agbayani	GK	SGD	2	2	180	7.5		17	Rofiqul Khandaker	FWD	AWB	3	3	156	11		17	Olof Sjöberg	DEF	SKJ	6	6	515	50		17	Aleksi Järveläinen	GK	KAR	3	3	270	22
18	Tanvir Howlader	FWD	NHO	7	7	357	4		18	Ronald Ward	FWD	SAL	5	5	450	2		18	Rofiqul Khandaker	FWD	AWB	3	3	156	7.5		18	Péter Szabó	MID	TUR	4	4	195	11		18	Tunç Kenaanoğlu	DEF	SEL	6	6	488	49		18	Nikoloz Nadaraia	GK	AEK	4	4	360	21
19	Hjalmar Lindström	FWD	SKJ	7	7	499	4		19	Augustin Aragonés	FWD	ASK	5	5	348	2		19	Péter Szabó	MID	TUR	4	4	195	7.5		19	Ánselmo Fernandez	MID	AUR	8	0	357	11		19	Anirban Goswami	DEF	NHO	7	7	516	49		19	Maximilian Mollenhauer	GK	PON	5	5	450	21
20	Ashkan Mahdavi	MID	VAR	9	9	509	4		20	Theodoros Farasin	MID	NRG	5	5	295	2		20	Durí Karí	MID	NMZ	4	4	219	7.5		20	Kiyoshi Torigoe	MID	NCH	9	0	435	11		20	Jacinto Valencia	DEF	AUR	8	8	660	48		20	Semyon Volkov	GK	GIA	2	2	180	19
21	Palash Bhuiyan	FWD	AWB	3	3	270	3		21	Volkmar Scherer	FWD	PON	5	0	165	2		21	Omar Kazluaska	MID	LVO	4	4	242	7.5		21	Hiromu Furuhashi	FWD	NCH	9	0	335	11		21	Mattieu Donnadieu	DEF	ARV	6	6	513	46		21	Hamza Benali	GK	ABB	4	4	360	19
22	Amarjyoti Bhuyan	FWD	GUP	4	4	360	3		22	Fengqi Lu	MID	FUR	5	5	310	2		22	Piers Skoronsky	GK	SAL	5	5	450	7.5		22	Lewis Bardsley	MID	ELV	3	3	187	10		22	Linus Kitingan	DEF	CAH	6	6	507	45		22	Sibö Kurbli	GK	NMZ	4	4	360	19
23	Pau Puigcorbé	FWD	ASK	5	5	340	3		23	Jadarian Royce	MID	ESU	5	5	305	2		23	Matthias Noack	GK	ALE	5	5	450	7.5		23	Antoine Bagradian	MID	ARV	6	6	490	10		23	Vural Surlu	MID	SEL	6	6	486	43		23	Janh Nguyen	GK	ATK	4	4	360	19
24	Moüses Kyrillos	FWD	NRG	5	5	278	3		24	Florian Van Can	FWD	ALE	5	5	307	2		24	Spencer Chadwick	MID	ELV	3	3	201	7.5		24	Batuhan Balyoz	MID	SEL	6	6	464	10		24	Orkun Çeti̇n	MID	SEL	6	6	338	43		24	Notini Tikana	GK	AKN	3	3	270	18
25	Hans-Jürgen Hōnigsberg	FWD	PON	5	5	383	3		25	Tomáš Svoboda	MID	ALE	5	5	338	2		25	Nikolaos Papadopoulos	GK	AST	4	4	360	7.5		25	Kent Forsberg	MID	SKJ	7	7	524	10		25	Daru Jafari	MID	VAR	8	8	496	43		25	Yang Chen	GK	FUR	5	5	450	18
26	Zemin Mao	FWD	FUR	5	5	281	3		26	Yerrin Chindura	MID	NKI	5	5	249	2		26	Maoz Shaked	MID	SHI	4	4	251	7.5		26	Emiliano Luna	MID	AUR	8	8	524	10		26	Lisandro Rivas	MID	AUR	8	8	590	42		26	Josefa Gonelevu	GK	ANB	3	3	270	17
27	Horace Peshlakai	FWD	ESU	5	0	221	3		27	Walther Meyer	MID	ANH	6	6	453	2		27	Joris Van Antwerp	DEF	ALE	5	5	450	7.5		27	Gaku Ibusuki	MID	NCH	9	0	312	10		27	Hengbo Liu	DEF	FUR	5	5	450	41		27	Fabien Blanchet	GK	ARV	6	6	540	17
28	Thor Andresen	FWD	ALE	5	5	301	3		28	Orkun Çeti̇n	MID	SEL	6	6	338	2		28	Masaru Jakamarra	FWD	NKI	5	5	286	7.5		28	Simphiwe Chabalala	MID	ASP	3	3	158	9		28	Elliot Farnsworth	DEF	ESU	5	5	450	41		28	Oleksandr Shevchenko	GK	SID	6	6	540	17
29	Jorrit Blankenburg	FWD	ALE	5	5	290	3		29	Zhalek Cheremesinoff	MID	SID	6	0	173	2		29	Artem Tkachenko	FWD	SID	6	6	518	7.5		29	Bhagaban Pradhan	MID	ENR	4	0	175	9		29	Olander Strandberg	DEF	SKJ	7	7	603	40		29	Saša Radović	GK	TUR	2	2	180	16
30	Masaru Jakamarra	FWD	NKI	5	5	286	3		30	Danylo Perebyinis	MID	SID	6	6	500	2		30	Kannan Kurup	FWD	CAH	6	6	382	7.5		30	Durí Karí	MID	NMZ	4	4	219	9		30	Luca Higashiyama	MID	NCH	9	9	388	40		30	Amaru Calfuqueo	GK	AKG	5	5	450	16
31	Rémi Gauthier	FWD	ARV	6	6	322	3		31	James Feruccio	MID	HOL	6	0	214	2		31	Eisuke Sato	GK	NCH	9	9	810	7.5		31	Sheng Huang	MID	FUR	5	5	271	9		31	Ashkan Mahdavi	MID	VAR	9	9	509	40		31	Dural Tanumura	GK	NKI	5	5	450	16
32	Eruera Waititi	FWD	ANH	6	6	351	3		32	Kamron Chancellor	MID	HOL	6	6	274	2		32	Humayun Piker	MID	AWB	3	3	196	7.4		32	Tianyu Gu	MID	FUR	5	5	357	9		32	Cooper Saint John	DEF	SAL	5	5	450	39		32	Bibhuti Mohapatra	GK	ENR	4	4	360	15
33	Myroslav Zalizniak	MID	SID	6	6	409	3		33	Wahyu Wibowo	MID	CAH	6	6	450	2		33	Jaan Soosaar	MID	KAR	3	3	239	7.4		33	Baptiste Roux	MID	ARV	6	0	143	9		33	Liang Wu	DEF	FUR	5	5	450	39		33	Jakub Svoboda	GK	POL	4	4	360	15
34	Kamron Chancellor	MID	HOL	6	6	274	3		34	Kamal Bodhipal	FWD	NHO	7	7	467	2		34	Guillaume Maison	MID	ARV	6	6	356	7.4		34	Albrecht Von Haast	MID	ANH	6	6	381	9		34	Alton Begay	DEF	ESU	5	5	450	39		34	Ivan Dolgorukiy	GK	RUD	2	2	180	14
35	Kannan Kurup	FWD	CAH	6	6	382	3		35	Kenji Nagase	FWD	NHO	7	7	336	2		35	Callum Calhoun	GK	HOL	6	6	540	7.4		35	Myroslav Zalizniak	MID	SID	6	6	409	9		35	Tomás Uzcátegui	DEF	HOL	6	6	540	39		35	Herman Kogoya	GK	ASG	2	2	180	14
36	Henrik Kristianson	FWD	SKJ	7	7	488	3		36	Kent Forsberg	MID	SKJ	7	7	524	2		36	Kamron Chancellor	MID	HOL	6	6	274	7.4		36	Kamron Chancellor	MID	HOL	6	6	274	9		36	Kamron Chancellor	MID	HOL	6	6	274	39		36	Zixuan Wang	GK	GUA	3	3	270	14
37	Nicanor Arandia	FWD	AUR	8	8	435	3		37	Hjalmar Lindström	FWD	SKJ	7	7	499	2		37	Tatsuki Akagawa	FWD	NHO	7	7	465	7.4		37	Hjalmar Lindström	FWD	SKJ	7	7	499	9		37	Haraldur Ólafsson	DEF	SKJ	7	7	630	39		37	Yassine Benali	GK	AEM	3	3	270	14
38	Sepideh Shakibaii	MID	VAR	9	9	432	3		38	Daru Jafari	MID	VAR	8	8	496	2		38	Victor Tvedt	MID	SKJ	7	7	445	7.4		38	Juvenal Vera	FWD	AUR	8	8	411	9		38	Tanjin Tsukahara	DEF	NKI	5	5	450	38		38	Yonatan Cohen	GK	SHI	4	4	360	14
39	Zhaawan Commanda	FWD	ATA	2	0	53	2		39	Nicanor Arandia	FWD	AUR	8	8	435	2		39	Ivan Dolgorukiy	GK	RUD	2	2	180	7.3		39	Shō Itoshi	MID	NCH	9	9	466	9		39	Muzaffer Doğan	DEF	SEL	6	6	430	37		39	Bilguun Bat-Erdene	GK	AXE	2	2	180	12
40	Woldemar Wrangell	FWD	LVO	2	0	74	2		40	Gaku Ibusuki	MID	NCH	9	0	312	2		40	Lewis Bardsley	MID	ELV	3	3	187	7.3		40	Pedram Nazeri	FWD	VAR	9	9	530	9		40	Earl Tomlinson	MID	HOL	6	6	457	37		40	Renzo Agbayani	GK	SGD	2	2	180	12
41	Kieran Frost	MID	ELV	3	0	69	2		41	Luca Higashiyama	MID	NCH	9	9	388	2		41	Wenkai Zhao	MID	GUA	3	3	215	7.3		41	Dvir Alon	MID	SHI	4	4	266	8		41	Made Djelantik	FWD	CAH	6	6	368	37		41	Comlan Gbanou	GK	VAN	2	2	180	11
42	Harry Caine	FWD	ELV	3	3	167	2		42	Soumitro Ganguly	MID	NHO	1	0	30	1		42	Qiushi Zhang	MID	GUA	3	3	223	7.3		42	Étienne Trieu	MID	ATK	4	4	246	8		42	Rui Ōe	MID	NCH	9	9	500	37		42	Nayuka Patchila	GK	AAD	2	2	180	11
43	Viliame Latianara	FWD	ANB	3	3	193	2		43	Ogimaa Panadis	MID	ATA	1	0	36	1		43	Palash Bhuiyan	FWD	AWB	3	3	270	7.3		43	Otto Manteuffel	MID	LVO	4	4	360	8		43	Tahar Djaballah	DEF	ABB	4	4	360	36		43	Thirumal Annamalai	GK	ARU	2	2	180	11
44	Kökta Saare	FWD	KAR	3	0	85	2		44	Radna Tsydypov	MID	AXE	2	2	135	1		44	Tim Pukki	FWD	KAR	3	3	181	7.3		44	Paulus Schmidt	FWD	LVO	4	4	219	8		44	Florian Gruber	DEF	ALE	5	5	399	36		44	Marek Kováč	GK	COR	3	3	270	11
45	Miroslav Přibyl	FWD	POL	3	3	177	2		45	Ramsay Sutherland	MID	ENC	2	2	180	1		45	Zalán Váradi	DEF	TUR	4	4	360	7.3		45	Ronald Ward	FWD	SAL	5	5	450	8		45	Jean-Pierre Susilovic	MID	ARV	6	6	476	36		45	Pranab Hazarika	GK	GUP	4	4	360	11
46	Raffaele Lucchese	FWD	VIC	3	3	270	2		46	Gleb Vorontsov	MID	GIA	2	0	84	1		46	Segev Even-Khen	MID	SHI	4	4	287	7.3		46	Tomáš Svoboda	MID	ALE	5	5	338	8		46	Wade Boone	DEF	HOL	6	6	540	36		46	Jordan Stanford	GK	ELV	3	3	270	10
47	Renato Fioravanti	FWD	VIC	3	3	191	2		47	Risto Ātlaköneinen	MID	KFK	2	2	142	1		47	Heinrich Stackelberg	MID	LVO	4	4	266	7.3		47	Yerrin Chindura	MID	NKI	5	5	249	8		47	Phani Kyaithang	DEF	NHO	7	7	540	36		47	Kaiwi Kanakaole	GK	AED	3	3	270	10
48	Lono Kekoa	FWD	AED	3	3	200	2		48	Yaqub Ghattas	MID	ADV	2	2	157	1		48	Basem Shenouda	GK	NRG	5	5	450	7.3		48	Vural Surlu	MID	SEL	6	6	486	8		48	Susumu Uehara	DEF	NHO	7	7	630	36		48	Joseph Nanau	GK	AGN	2	2	180	9
49	Vilmos Szilágyi	FWD	TUR	4	4	315	2		49	Finau Mahoe	MID	AED	2	0	67	1		49	Tomáš Svoboda	MID	ALE	5	5	338	7.3		49	Tatsuki Akagawa	FWD	NHO	7	7	465	8		49	Ganzorig Erdene	FWD	NCH	9	9	475	36		49	Ibrahim Galadima	GK	ACS	3	3	270	9
50	Bastien Shengelia	FWD	AEK	4	4	356	2		50	Gunner Cannon	MID	ELV	3	3	258	1		50	Yerrin Chindura	MID	NKI	5	5	249	7.3		50	Arcadio Villa	FWD	AUR	8	0	388	8		50	Hiro Oshiro	MID	NCH	9	9	674	36		50	Evgeny Karpov	GK	PER	3	3	270	9
51	Chirá Nubrí	FWD	NMZ	4	0	159	2		51	Arthur Whitmore	MID	ELV	3	0	83	1		51	Itsuki Goto	FWD	NKI	5	5	275	7.3		51	Siavash Mehrian	MID	VAR	9	1	465	8		51	Oriol Montagut	DEF	ASK	5	5	450	35		51	Jabulani Dlamini	GK	ASP	3	3	270	9
52	Dorofei Lestenkof	FWD	MOR	4	4	360	2		52	Lewis Bardsley	MID	ELV	3	3	187	1		52	Mattieu Donnadieu	DEF	ARV	6	6	513	7.3		52	Ashkan Mahdavi	MID	VAR	9	9	509	8		52	Myroslav Zalizniak	MID	SID	6	6	409	35		52	Axel Berg	GK	LVO	4	4	360	9
53	Vinh Ngo	FWD	ATK	4	4	360	2		53	Harry Caine	FWD	ELV	3	3	167	1		53	Myroslav Zalizniak	MID	SID	6	6	409	7.3		53	Anoup Ptahmose	MID	KMT	2	2	139	7		53	Olegario Pérez	MID	AUR	8	8	437	35		53	Odd-Isak Hætta	GK	KKM	2	2	180	8
54	Étienne Trieu	MID	ATK	4	4	246	2		54	Ezequiel Mulholland	MID	ELV	3	3	215	1		54	Daulat Siregar	FWD	CAH	6	6	387	7.3		54	Harry Caine	FWD	ELV	3	3	167	7		54	Elijah Tanner	MID	SAL	5	5	333	34		54	Kamal Rahman	GK	AWB	3	3	270	8
55	Otto Manteuffel	MID	LVO	4	4	360	2		55	Yakubu Dattijo	FWD	ACS	3	3	150	1		55	Hjalmar Lindström	FWD	SKJ	7	7	499	7.3		55	Bartosz Jastrzębski	MID	COR	3	3	181	7		55	Haoran Peng	MID	FUR	5	5	419	34		55	Massimo Visconti	GK	VIC	3	3	270	8
56	Heinrich Stackelberg	MID	LVO	4	4	266	2		56	Yuxuan Cui	FWD	GUA	3	0	114	1		56	Kolthe Harkhuf	MID	KMT	2	2	135	7.3		56	Klim Zaytsev	MID	PER	3	3	167	7		56	Joris Van Antwerp	DEF	ALE	5	5	450	34		56	Aandeg Debaasige	GK	ATA	2	2	180	7
57	Inti Loncón	FWD	AKG	5	5	290	2		57	Miłosz Zawadzki	FWD	COR	3	3	270	1		57	Themistoklis Zervas	MID	AST	4	4	232	7.3		57	Jaan Soosaar	MID	KAR	3	3	239	7		57	Émile D'Artagnan	DEF	ARV	6	6	540	34		57	Kerem Janabi	GK	ADV	2	2	180	7
58	Titus Calloway	FWD	SAL	5	0	147	2		58	Rubel Munshi	FWD	AWB	3	0	114	1		58	Atiqtalik Ahmaogak	GK	MOR	4	4	360	7.3		58	Gijs Dreesens	MID	ALE	3	3	134	7		58	Kiyoshi Torigoe	MID	NCH	9	0	435	34		58	Duol Akol	GK	SSA	2	2	180	6
59	Amos Donnelly	FWD	SAL	5	5	306	2		59	Rofiqul Khandaker	FWD	AWB	3	3	156	1		59	Otto Manteuffel	MID	LVO	4	4	360	7.3		59	Vilmos Szilágyi	FWD	TUR	4	4	315	7		59	William Levice	MID	SAL	5	5	325	33		59	Andres Raivo	GK	KFK	2	2	180	6
60	Augustin Aragonés	FWD	ASK	5	5	348	2		60	Humayun Piker	MID	AWB	3	3	196	1		60	Paulus Schmidt	FWD	LVO	4	4	219	7.3		60	Robert Berthold	MID	LVO	4	4	272	7		60	Rocco De Luca	MID	ESU	5	5	419	33		60	Shenoute Nebamun	GK	KMT	2	2	180	6
61	Tadros Sonqi	MID	NRG	5	0	211	2		61	Vibhas Talukder	MID	AWB	3	3	232	1		61	Ulrik Zilinkas	MID	LVO	4	4	271	7.3		61	Theodoros Farasin	MID	NRG	5	5	295	7		61	Osamu Matsumoto	MID	NKI	5	5	429	33		61	William Bwemara	GK	ENC	2	2	180	4
62	Theodoros Farasin	MID	NRG	5	5	295	2		62	Ildefonso Morón	FWD	AEM	3	3	270	1		62	Hengbo Liu	DEF	FUR	5	5	450	7.3		62	Leon Vogel	FWD	ESU	5	5	294	7		62	Antoine Bagradian	MID	ARV	6	6	490	33									
63	Yohannis Mina	MID	NRG	5	5	308	2		63	Trofim Savelyev	MID	PER	3	0	52	1		63	Orkun Çeti̇n	MID	SEL	6	6	338	7.3		63	Osamu Matsumoto	MID	NKI	5	5	429	7		63	Octave Desjardins	MID	ARV	6	6	339	33									
64	Volkmar Scherer	FWD	PON	5	0	165	2		64	Qillaq Nutaaq	MID	MOR	3	0	52	1		64	Kamal Bodhipal	FWD	NHO	7	7	467	7.3		64	Itsuki Goto	FWD	NKI	5	5	275	7		64	Sudhir Chakraborty	MID	NHO	7	7	379	33									
65	Jadarian Royce	MID	ESU	5	5	305	2		65	Viliame Latianara	FWD	ANB	3	3	193	1		65	Pedram Nazeri	FWD	VAR	9	9	530	7.3		65	Émile D'Artagnan	DEF	ARV	6	6	540	7		65	Nawel Ñanculef	DEF	AKG	5	5	450	32									
66	Pierre Petit	FWD	ARV	6	0	218	2		66	Rajesh Narayan	FWD	ANB	3	3	159	1		66	Ashkan Mahdavi	MID	VAR	9	9	509	7.3		66	Jean-Pierre Susilovic	MID	ARV	6	6	476	7		66	Judah Rangitāne	DEF	ANH	6	6	515	32									
67	Cihan Kartaca	MID	SEL	6	0	184	2		67	Epeli Leweniqila	MID	ANB	3	3	204	1		67	Thirumal Annamalai	GK	ARU	2	2	180	7.2		67	Yavuz Koç	MID	SEL	6	6	401	7		67	Sarp Sayda	DEF	SEL	6	6	540	32									
68	Simón Arismendi	FWD	HOL	6	6	290	2		68	Ilaitia Titifanue	MID	ANB	3	3	208	1		68	Sergei Smirnov	DEF	RUD	2	2	180	7.2		68	Borys Skovoroda	MID	SID	6	6	436	7		68	Khagendra Mitra	DEF	NHO	7	7	630	32									
69	Made Djelantik	FWD	CAH	6	6	368	2		69	Otto Kask	MID	KAR	3	3	233	1		69	Ural Yusupov	MID	GIA	2	2	171	7.2		69	Daulat Siregar	FWD	CAH	6	6	387	7		69	Sanat Barua	MID	NHO	7	7	597	32									
70	Yoshio Hanazawa	FWD	NHO	7	0	264	2		70	Tim Pukki	FWD	KAR	3	3	181	1		70	Lakhdar Hamidi	MID	ADV	2	2	144	7.2		70	Kannan Kurup	FWD	CAH	6	6	382	7		70	Hugo Saint-Laurent	DEF	ARV	5	5	362	31									
71	Kent Forsberg	MID	SKJ	7	7	524	2		71	Jaroslav Navrátil	MID	AKN	3	3	195	1		71	Narra Catacutan	DEF	SGD	2	2	180	7.2		71	Pradip Chowdhury	FWD	NHO	7	0	337	7		71	Gunther Hellams	DEF	SAL	5	5	450	31									
72	Daru Jafari	MID	VAR	8	8	496	2		72	Raphael Simet	FWD	AKN	3	3	164	1		72	Ewald Kessler	DEF	AGN	2	2	180	7.2		72	Sixten Karlsson	MID	SKJ	7	7	490	7		72	August Rittenhouse	MID	PON	5	5	348	31									
73	Ivo Brandão	FWD	AUR	8	0	317	2		73	Raffaele Lucchese	FWD	VIC	3	3	270	1		73	Saša Radović	GK	TUR	2	2	180	7.2		73	Rosendo Zapatero	FWD	AUR	8	8	381	7		73	Jadarian Royce	MID	ESU	5	5	305	31									
74	Gaku Ibusuki	MID	NCH	9	0	312	2		74	Renato Fioravanti	FWD	VIC	3	3	191	1		74	Bartosz Jastrzębski	MID	COR	3	3	181	7.2		74	Saīd Farzan	FWD	VAR	8	0	280	7		74	Yavuz Koç	MID	SEL	6	6	401	31									
75	Hiromu Furuhashi	FWD	NCH	9	0	335	2		75	Haku Kahananui	FWD	AED	3	3	173	1		75	Viliame Latianara	FWD	ANB	3	3	193	7.2		75	Makoto Kishima	MID	NCH	9	9	786	7		75	Teguh Setiawan	DEF	CAH	6	6	540	31									
76	Shō Itoshi	MID	NCH	9	9	466	2		76	Simphiwe Chabalala	MID	ASP	3	3	158	1		76	Mátyás Szendrei	DEF	TUR	4	4	360	7.2		76	Rui Ōe	MID	NCH	9	9	500	7		76	Sabin Madius	MID	CAH	6	6	496	31									
77	Siavash Mehrian	MID	VAR	9	1	465	2		77	Niall Kinsella	FWD	SKJ	3	0	88	1		77	Vilmos Szilágyi	FWD	TUR	4	4	315	7.2		77	Hiro Oshiro	MID	NCH	9	9	674	7		77	Jedidiah Wanamaker	DEF	PON	5	5	450	30									
78	Berat Çankaya	MID	SEL	1	0	12	1		78	Zsolt Harmathy	MID	TUR	4	4	322	1		78	Archibald Bamford	MID	ENR	4	4	265	7.2		78	Otto Ahmadi	MID	VAR	9	9	669	7		78	Warrik Wirandaru	DEF	NKI	5	5	450	30									
79	Panas Hrabovsky	FWD	SID	1	0	22	1		79	Péter Szabó	MID	TUR	4	4	195	1		79	Yëría Kaché	MID	NMZ	4	4	219	7.2		79	Finau Mahoe	MID	AED	2	0	67	6		79	Shō Itoshi	MID	NCH	9	9	466	30									
80	Enkhbold Tsendbaatar	FWD	AXE	2	2	147	1		80	Gergő Tóth	MID	TUR	4	4	272	1		80	Parviz Tahmasb	DEF	VAR	4	0	189	7.2		80	Ezequiel Mulholland	MID	ELV	3	3	215	6		80	Aristeidis Georgiou	DEF	AST	4	4	360	29									
81	Poindi Kabar	MID	ENC	2	2	119	1		81	József Antall	FWD	TUR	4	4	266	1		81	Radim Vohánka	MID	POL	4	4	343	7.2		81	Yuxuan Cui	FWD	GUA	3	0	114	6		81	Gerben Verhoeven	DEF	AKG	5	5	443	29									
82	Toma Peato	FWD	ENC	2	2	142	1		82	Hakim Zerguine	MID	ABB	4	0	149	1		82	Pau Puigcorbé	FWD	ASK	5	5	340	7.2		82	Youssef Valverde	MID	AEM	3	3	198	6		82	Albrecht Von Haast	MID	ANH	6	6	381	29									
83	Ilya Morozov	MID	GIA	2	2	117	1		83	Somaru Markam	DEF	ENR	4	4	360	1		83	Sheng Huang	MID	FUR	5	5	271	7.2		83	Alimjan Turghun	FWD	PER	3	3	179	6		83	Keigo Ikeda	DEF	NKI	5	5	450	28									
84	Daiwo Âhänōnyte	FWD	KFK	2	2	116	1		84	Kailash Rath	DEF	ENR	4	4	360	1		84	Vojtěch Novotný	DEF	ALE	5	5	450	7.2		84	Zsolt Harmathy	MID	TUR	4	4	322	6		84	Yerrin Chindura	MID	NKI	5	5	249	28									
85	Neçirvan Barzani	FWD	ADV	2	2	180	1		85	Nilambar Senapati	FWD	ENR	4	4	258	1		85	Danylo Perebyinis	MID	SID	6	6	500	7.2		85	Ouahid Rahmani	MID	ABB	4	4	285	6		85	Hjalmar Lindström	FWD	SKJ	7	7	499	28									
86	Kolinio Rigamoto	FWD	ANB	2	2	58	1		86	Julian Patrick	MID	ENR	4	4	244	1		86	Leonardo Urdaneta	DEF	HOL	6	6	540	7.2		86	Kakha Kvernadze	MID	AEK	4	4	242	6		86	Rosendo Zapatero	FWD	AUR	8	8	381	28									
87	Yacine Belkacem	FWD	ABB	3	0	107	1		87	Prokopis Karagiannis	MID	AST	4	4	298	1		87	Tanvir Howlader	FWD	NHO	7	7	357	7.2		87	Duchí Siwöl	MID	NMZ	4	4	299	6		87	Emiliano Luna	MID	AUR	8	8	524	28									
88	Gyan Hansda	MID	ENR	3	3	169	1		88	Epaminondas Mavromatis	MID	AST	4	4	236	1		88	Kenneth Haugland	DEF	SKJ	7	7	584	7.2		88	Orkeke Inacayal	FWD	AKG	5	5	298	6		88	Ziyad Subaie	MID	VAR	9	9	588	28									
89	Gunner Cannon	MID	ELV	3	3	258	1		89	Uriel Mazor	MID	SHI	4	0	100	1		89	Erik Sundqvist	MID	SKJ	7	7	542	7.2		89	Wanguelen Sayhueque	MID	AKG	5	5	395	6		89	Namú Suriá	DEF	NMZ	4	4	360	27									
90	Spencer Chadwick	MID	ELV	3	3	201	1		90	Yerucham Lehrer	MID	SHI	4	4	240	1		90	Jenaro Salamanca	DEF	AUR	8	8	675	7.2		90	Petros Nogedi	MID	NRG	5	5	450	6		90	Ephraim Snyder	DEF	PON	5	5	450	27									
91	Garba Magaji	FWD	ACS	3	3	234	1		91	Maoz Shaked	MID	SHI	4	4	251	1		91	Saīd Farzan	FWD	VAR	8	0	280	7.2		91	Patrick Stumpfegger	MID	PON	5	5	339	6		91	Fengqi Lu	MID	FUR	5	5	310	27									
92	Chenguang Pei	FWD	GUA	3	3	270	1		92	Bastien Shengelia	FWD	AEK	4	4	356	1		92	Gen Fija	DEF	NCH	9	9	810	7.2		92	Conrad Bauer	MID	ESU	5	5	423	6		92	Tomáš Svoboda	MID	ALE	5	5	338	27									
93	Guowei Sun	FWD	GUA	3	3	156	1		93	Aram Keshishyan	FWD	AEK	4	0	83	1		93	Touraj Hayaii	DEF	VAR	9	9	739	7.2		93	Joris Van Antwerp	DEF	ALE	5	5	450	6		93	Fraser Te Rangi	DEF	ANH	6	6	540	27									
94	Wenkai Zhao	MID	GUA	3	3	215	1		94	Carnig Chalikyan	FWD	AEK	4	4	277	1		94	Ramsay Sutherland	MID	ENC	2	2	180	7.1		94	Jakub Dvořák	MID	ALE	5	5	405	6		94	Batuhan Balyoz	MID	SEL	6	6	464	27									
95	Changming Zhao	MID	GUA	3	3	227	1		95	Hayk Khitaryan	MID	AEK	4	4	293	1		95	Toma Peato	FWD	ENC	2	2	142	7.1		95	Petr Procházka	FWD	ALE	5	0	169	6		95	Sviatoslav Boyko	MID	SID	6	6	421	27									
96	Grzegorz Brzęczyszczykiewicz	FWD	COR	3	3	159	1		96	Sulá Bikakö	DEF	NMZ	4	4	360	1		96	Harry Caine	FWD	ELV	3	3	167	7.1		96	Eijiro Matsumoto	MID	NKI	5	5	378	6		96	Danylo Perebyinis	MID	SID	6	6	500	27									
97	Kacper Dembiński	FWD	COR	3	3	153	1		97	Duchí Siwöl	MID	NMZ	4	4	299	1		97	Miroslav Přibyl	FWD	POL	3	3	177	7.1		97	Guillaume Maison	MID	ARV	6	6	356	6		97	Jehezkiel Lawai	DEF	CAH	6	6	540	27									
98	Jahangir Hossain	DEF	AWB	3	3	229	1		98	Kanë Dabá	MID	NMZ	4	4	258	1		98	Jaroslav Navrátil	MID	AKN	3	3	195	7.1		98	Hone Wihongi	MID	ANH	6	6	451	6		98	Kannan Kurup	FWD	CAH	6	6	382	27									
99	Rofiqul Khandaker	FWD	AWB	3	3	156	1		99	Feoktist Shishkoff	FWD	MOR	4	0	108	1		99	Domenico Vivaldi	DEF	VIC	3	3	234	7.1		99	Cihan Kartaca	MID	SEL	6	0	184	6		99	Bartosz Jastrzębski	MID	COR	3	3	181	26									
100	Humayun Piker	MID	AWB	3	3	196	1		100	Nanuq Oyagak	MID	MOR	4	4	243	1		100	Gergő Tóth	MID	TUR	4	4	272	7.1		100	Selçuk Demirci	MID	SEL	6	6	375	6		100	Mátyás Szendrei	DEF	TUR	4	4	360	26									
101	Ildefonso Morón	FWD	AEM	3	3	270	1		101	Tibor Horváth	MID	POL	4	4	348	1		101	Bhagaban Pradhan	MID	ENR	4	0	175	7.1		101	Danylo Perebyinis	MID	SID	6	6	500	6		101	Zalán Váradi	DEF	TUR	4	4	360	26									
102	Youssef Valverde	MID	AEM	3	3	198	1		102	Radim Vohánka	MID	POL	4	4	343	1		102	Prokopis Karagiannis	MID	AST	4	4	298	7.1		102	Ricardo Sherman	MID	HOL	6	6	314	6		102	Segev Even-Khen	MID	SHI	4	4	287	26									
103	Khalil Alami	MID	AEM	3	3	239	1		103	Mridul Payeng	MID	GUP	4	0	77	1		103	Cooper Saint John	DEF	SAL	5	5	450	7.1		103	Jehezkiel Lawai	DEF	CAH	6	6	540	6		103	Kakha Kvernadze	MID	AEK	4	4	242	26									
104	Platon Denisov	FWD	PER	3	0	64	1		104	Amarjyoti Bhuyan	FWD	GUP	4	4	360	1		104	Gunther Hellams	DEF	SAL	5	5	450	7.1		104	Wahyu Wibowo	MID	CAH	6	6	450	6		104	Ibai Urrutia	DEF	ASK	5	5	450	26									
105	Rajesh Narayan	FWD	ANB	3	3	159	1		105	Darsing Teron	FWD	GUP	4	4	283	1		105	Oriol Montagut	DEF	ASK	5	5	450	7.1		105	Made Djelantik	FWD	CAH	6	6	368	6		105	Tilman Zartmann	DEF	PON	5	5	403	26									
106	Roððo Duongi	FWD	KAR	3	0	77	1		106	Félix Doan	DEF	ATK	4	4	360	1		106	Yeray Bengoetxea	MID	ASK	5	5	364	7.1		106	Sanat Barua	MID	NHO	7	7	597	6		106	Diedrich Fassbender	MID	PON	5	5	432	26									
107	Kuismaa Kivisild	FWD	KAR	3	3	161	1		107	Dat Truong	MID	ATK	4	0	101	1		107	Merkurios Kudanbes	DEF	NRG	5	5	300	7.1		107	Lisandro Rivas	MID	AUR	8	8	590	6		107	Patrick Stumpfegger	MID	PON	5	5	339	26									
108	Tim Pukki	FWD	KAR	3	3	181	1		108	Lam Vu	MID	ATK	4	4	265	1		108	Tilman Zartmann	DEF	PON	5	5	403	7.1		108	Takeru Mikado	MID	NCH	9	0	332	6		108	Vojtěch Novotný	DEF	ALE	5	5	450	26									
109	Voptá Hendá	FWD	KAR	3	3	193	1		109	Pirmin Hoffmeister	MID	PON	4	0	82	1		109	Spencer Jackson	GK	ESU	5	5	450	7.1		109	Ardalan Danesh	DEF	VAR	9	9	746	6		109	Siavash Mehrian	MID	VAR	9	1	465	26									
110	Benedict To Warai	FWD	AKN	3	0	106	1		110	Mindaugas Paulauskas	MID	LVO	4	0	125	1		110	Alton Begay	DEF	ESU	5	5	450	7.1		110	Rubel Munshi	FWD	AWB	3	0	114	5		110	Péter Szabó	MID	TUR	4	4	195	25									
111	Jaroslav Navrátil	MID	AKN	3	3	195	1		111	Otto Manteuffel	MID	LVO	4	4	360	1		111	Jorrit Blankenburg	FWD	ALE	5	5	290	7.1		111	Rodion Titov	MID	PER	3	3	218	5		111	Alceste Derocles	DEF	ABB	4	4	360	25									
112	Rhulani Khouza	FWD	ASP	3	3	201	1		112	Valdemārs Liepiņš	MID	LVO	4	0	154	1		112	Dural Tanumura	GK	NKI	5	5	450	7.1		112	Voptá Hendá	FWD	KAR	3	3	193	5		112	Archibald Bamford	MID	ENR	4	4	265	25									
113	Olwethu Makhanya	FWD	ASP	3	3	189	1		113	Paulus Schmidt	FWD	LVO	4	4	219	1		113	Tanjin Tsukahara	DEF	NKI	5	5	450	7.1		113	Raffaele Lucchese	FWD	VIC	3	3	270	5		113	Gonzalo Valbuena	MID	ASK	4	4	239	25									
114	Egbert Löwis	MID	LVO	3	0	56	1		114	Heinrich Stackelberg	MID	LVO	4	4	266	1		114	Fabien Blanchet	GK	ARV	6	6	540	7.1		114	Renato Fioravanti	FWD	VIC	3	3	191	5		114	Félix Doan	DEF	ATK	4	4	360	25									
115	Boaz Ben-Ami	FWD	SHI	3	2	230	1		115	Robert Berthold	MID	LVO	4	4	272	1		115	Eruera Waititi	FWD	ANH	6	6	351	7.1		115	Maoz Shaked	MID	SHI	4	4	251	5		115	Sang Pham	MID	ATK	4	4	266	25									
116	Zalán Váradi	DEF	TUR	4	4	360	1		116	Pier Hoekstra	MID	AKG	5	5	354	1		116	Ricardo Sherman	MID	HOL	6	6	314	7.1		116	Amarjyoti Bhuyan	FWD	GUP	4	4	360	5		116	Lewis Bardsley	MID	ELV	3	3	187	24									
117	Gergő Tóth	MID	TUR	4	4	272	1		117	Wanguelen Sayhueque	MID	AKG	5	5	395	1		117	Magnus Andersson	GK	SKJ	7	7	630	7.1		117	Valdemārs Liepiņš	MID	LVO	4	0	154	5		117	Jomo Mocoéna	DEF	ASP	3	3	270	24									
118	Amaury Cousteau	FWD	ABB	4	0	167	1		118	Zebulon Hartshorn	FWD	SAL	5	0	106	1		118	Olegario Pérez	MID	AUR	8	8	437	7.1		118	Heinrich Stackelberg	MID	LVO	4	4	266	5		118	Lebogang Du Phiri	MID	ASP	3	3	241	24									
119	Bhagaban Pradhan	MID	ENR	4	0	175	1		119	William Levice	MID	SAL	5	5	325	1		119	Rosendo Zapatero	FWD	AUR	8	8	381	7.1		119	Ulrik Zilinkas	MID	LVO	4	4	271	5		119	Radim Vohánka	MID	POL	4	4	343	24									
120	Madhusudan Patnaik	FWD	ENR	4	4	321	1		120	Kurt Mueller	DEF	ANH	5	5	380	1		120	Kōzō Fujise	DEF	NCH	9	9	695	7.1		120	Moüses Kyrillos	FWD	NRG	5	5	278	5		120	Merkurios Kudanbes	DEF	NRG	5	5	300	24									
121	Ranjit Mohanty	FWD	ENR	4	0	102	1		121	Yeray Bengoetxea	MID	ASK	5	5	364	1		121	Vahid Lorestani	GK	VAR	9	9	810	7.1		121	Liang Wu	DEF	FUR	5	5	450	5		121	Siegmund Stracke	FWD	PON	5	5	287	24									
122	Charalambos Angelopoulos	FWD	AST	4	0	133	1		122	Íker Olabarría	MID	ASK	5	1	224	1		122	Raveendran Unnithan	MID	ARU	2	2	147	7.1		122	Fengqi Lu	MID	FUR	5	5	310	5		122	Erdem Polat	DEF	SEL	6	6	491	24									
123	Themistoklis Zervas	MID	AST	4	4	232	1		123	Petros Nogedi	MID	NRG	5	5	450	1		123	Mahendra Singh	DEF	ANB	3	3	270	7.1		123	Dominic Winslow	FWD	ESU	5	5	263	5		123	Eliezer Bansa	MID	CAH	6	6	439	24									
124	Miltiadis Galanis	FWD	AST	4	4	322	1		124	Merki Essili	MID	NRG	5	0	164	1		124	Amiya Majumdar	DEF	NHO	3	0	155	7.1		124	Masaru Jakamarra	FWD	NKI	5	5	286	5		124	Sixten Karlsson	MID	SKJ	7	7	490	24									
125	Dorian Roussel	MID	ARV	4	0	90	1		125	Butros Sedhom	FWD	NRG	5	0	172	1		125	Duchí Siwöl	MID	NMZ	4	4	299	7.1		125	Tristan Fabron	MID	ARV	6	0	266	5		125	Gaku Ibusuki	MID	NCH	9	0	312	24									
126	Elkana Rotem	MID	SHI	4	0	90	1		126	Moüses Kyrillos	FWD	NRG	5	5	278	1		126	Kutay Bulut	DEF	SEL	4	0	211	7.1		126	Pavlo Dovzhenko	MID	SID	6	0	89	5		126	Erfan Rastkar	DEF	VAR	9	9	694	24									
127	Maoz Shaked	MID	SHI	4	4	251	1		127	Conan Neitzel	MID	PON	5	0	131	1		127	Amarjyoti Bhuyan	FWD	GUP	4	4	360	7.1		127	James Feruccio	MID	HOL	6	0	214	5		127	Youssef Valverde	MID	AEM	3	3	198	23									
128	Ravid Biton	MID	SHI	4	4	289	1		128	Hans-Jürgen Hōnigsberg	FWD	PON	5	5	383	1		128	Hartwig Von Buxhoeveden	DEF	LVO	4	4	360	7.1		128	Dale Landry	MID	HOL	6	0	270	5		128	Mahendra Singh	DEF	ANB	3	3	270	23									
129	Aram Keshishyan	FWD	AEK	4	0	83	1		129	Siegmund Stracke	FWD	PON	5	5	287	1		129	Robert Berthold	MID	LVO	4	4	272	7.1		129	Yopie Runtuwene	FWD	CAH	6	0	179	5		129	Prokopis Karagiannis	MID	AST	4	4	298	23									
130	Carnig Chalikyan	FWD	AEK	4	4	277	1		130	Wilhelm Giesel	FWD	PON	5	5	320	1		130	Nawel Ñanculef	DEF	AKG	5	5	450	7.1		130	Sabin Madius	MID	CAH	6	6	496	5		130	Parviz Tahmasb	DEF	VAR	4	0	189	23									
131	Kakha Kvernadze	MID	AEK	4	4	242	1		131	Hanwen Qiu	MID	FUR	5	0	229	1		131	Elijah Tanner	MID	SAL	5	5	333	7.1		131	Cristian Costanza	MID	AUR	6	0	227	5		131	Manh Ton That	DEF	ATK	4	4	360	23									
132	Sevak Ohanian	MID	AEK	4	4	305	1		132	Conrad Bauer	MID	ESU	5	5	423	1		132	Theodoros Farasin	MID	NRG	5	5	295	7.1		132	Severino Guzmán	FWD	AUR	6	0	228	5		132	Cuong Khuat	DEF	ATK	4	4	360	23									
133	Rashad Verdiyev	MID	AEK	4	4	321	1		133	Kendrick Nakai	MID	ESU	5	0	195	1		133	Hans-Jürgen Hōnigsberg	FWD	PON	5	5	383	7.1		133	Kamal Bodhipal	FWD	NHO	7	7	467	5		133	Huy Luong	MID	ATK	4	4	264	23									
134	Talí Sabákö	MID	NMZ	4	0	131	1		134	Trent Hawthorne	FWD	ESU	5	5	258	1		134	Fengqi Lu	MID	FUR	5	5	310	7.1		134	Tanvir Howlader	FWD	NHO	7	7	357	5		134	Philip Klein	DEF	ESU	5	5	450	23									
135	Juní Börá	FWD	NMZ	4	4	201	1		135	Leon Vogel	FWD	ESU	5	5	294	1		135	Florian Gruber	DEF	ALE	5	5	399	7.1		135	Kazuyoshi Hiranuma	DEF	NCH	9	9	810	5		135	Yurii Zahrebelny	DEF	SID	6	6	540	23									
136	Yëría Kaché	MID	NMZ	4	4	219	1		136	Dominic Winslow	FWD	ESU	5	5	263	1		136	Osamu Matsumoto	MID	NKI	5	5	429	7.1		136	Ganzorig Erdene	FWD	NCH	9	9	475	5		136	Ricardo Sherman	MID	HOL	6	6	314	23									
137	Durí Karí	MID	NMZ	4	4	219	1		137	Florian Gruber	DEF	ALE	5	5	399	1		137	Jean-Pierre Susilovic	MID	ARV	6	6	476	7.1		137	Touraj Hayaii	DEF	VAR	9	9	739	5		137	Kent Forsberg	MID	SKJ	7	7	524	23									
138	Duchí Siwöl	MID	NMZ	4	4	299	1		138	Joris Van Antwerp	DEF	ALE	5	5	450	1		138	Pita Rata	FWD	ANH	6	6	375	7.1		138	Mehran Shahi	MID	VAR	9	0	298	5		138	Pier Hoekstra	MID	AKG	5	5	354	22									
139	Levi Kignak	FWD	MOR	4	4	252	1		139	Vojtěch Novotný	DEF	ALE	5	5	450	1		139	Albrecht Von Haast	MID	ANH	6	6	381	7.1		139	Ramsay Sutherland	MID	ENC	2	2	180	4		139	Mingzhe Xiong	DEF	FUR	5	5	450	22									
140	Gonzalo Valbuena	MID	ASK	4	4	239	1		140	Jakub Dvořák	MID	ALE	5	5	405	1		140	Sarp Sayda	DEF	SEL	6	6	540	7.1		140	Arthur Whitmore	MID	ELV	3	0	83	4		140	Sheng Huang	MID	FUR	5	5	271	22									
141	Karel Černý	FWD	POL	4	4	316	1		141	Jorrit Blankenburg	FWD	ALE	5	5	290	1		141	Vural Surlu	MID	SEL	6	6	486	7.1		141	Spencer Chadwick	MID	ELV	3	3	201	4		141	Guillaume Maison	MID	ARV	6	6	356	22									
142	Radim Vohánka	MID	POL	4	4	343	1		142	Osamu Matsumoto	MID	NKI	5	5	429	1		142	Tunç Kenaanoğlu	DEF	SEL	6	6	488	7.1		142	Weilin Fu	MID	GUA	3	0	61	4		142	Taras Bondarenko	MID	SID	6	6	484	22									
143	Jenő Szántó	FWD	GUP	4	0	77	1		143	Eijiro Matsumoto	MID	NKI	5	5	378	1		143	Made Djelantik	FWD	CAH	6	6	368	7.1		143	Guowei Sun	FWD	GUA	3	3	156	4		143	Dale Landry	MID	HOL	6	0	270	22									
144	Ulrik Zilinkas	MID	LVO	4	4	271	1		144	Masaru Jakamarra	FWD	NKI	5	5	286	1		144	Anirban Goswami	DEF	NHO	7	7	516	7.1		144	Wenkai Zhao	MID	GUA	3	3	215	4		144	Ánselmo Fernandez	MID	AUR	8	0	357	22									
145	Robert Berthold	MID	LVO	4	4	272	1		145	Kiyoshi Murandin	MID	NKI	5	5	292	1		145	Susumu Uehara	DEF	NHO	7	7	630	7.1		145	Qiushi Zhang	MID	GUA	3	3	223	4		145	Takeru Mikado	MID	NCH	9	0	332	22									
146	Omar Kazluaska	MID	LVO	4	4	242	1		146	Jatin Sudatta	FWD	NHO	6	0	196	1		146	Jose Carlos Pescador	DEF	AUR	8	8	720	7.1		146	Miłosz Zawadzki	FWD	COR	3	3	270	4		146	Ural Yusupov	MID	GIA	2	2	171	21									
147	Coyam Cayupán	DEF	AKG	5	5	415	1		147	Émile D'Artagnan	DEF	ARV	6	6	540	1		147	Genma Nishigawa	DEF	NCH	9	9	753	7.1		147	Édouard Szymański	MID	COR	3	3	178	4		147	Erik Záhorský	DEF	COR	3	3	270	21									
148	Elicura Panguilef	FWD	AKG	5	0	130	1		148	Antoine Bagradian	MID	ARV	6	6	490	1		148	Kiyoshi Torigoe	MID	NCH	9	0	435	7.1		148	Palash Bhuiyan	FWD	AWB	3	3	270	4		148	Simphiwe Chabalala	MID	ASP	3	3	158	21									
149	Kurt Eberle	FWD	AKG	5	0	182	1		149	Esteban Palomer	MID	ARV	6	0	169	1		149	Donat Obomsawin	DEF	ATA	2	2	180	7.0		149	Lachlan Ihimaera	MID	ANH	3	0	76	4		149	Xiang Qian	DEF	FUR	3	3	151	21									
150	Orkeke Inacayal	FWD	AKG	5	5	298	1		150	Baptiste Roux	MID	ARV	6	0	143	1		150	Hor Senedjem	DEF	KMT	2	2	180	7.0		150	Qillaq Nutaaq	MID	MOR	3	0	52	4		150	Tsirú Diköl	DEF	NMZ	4	4	360	21									
151	Ronald Ward	FWD	SAL	5	5	450	1		151	Pierre Petit	FWD	ARV	6	0	218	1		151	Neçirvan Barzani	FWD	ADV	2	2	180	7.0		151	Otto Kask	MID	KAR	3	3	233	4		151	Hartwig Von Buxhoeveden	DEF	LVO	4	4	360	21									
152	Zebulon Hartshorn	FWD	SAL	5	0	106	1		152	Fraser Te Rangi	DEF	ANH	6	6	540	1		152	Kidlat Ilagan	MID	SGD	2	2	135	7.0		152	Andrea Ferrari	DEF	VIC	3	3	270	4		152	Diethelm Brunner	DEF	AKG	5	5	450	21									
153	Matías Salcedo	FWD	ASK	5	5	335	1		153	Ernst Braunschweig	MID	ANH	6	0	210	1		153	Gunner Cannon	MID	ELV	3	3	258	7.0		153	József Antall	FWD	TUR	4	4	266	4		153	Rodrigo Alvarenga	DEF	ASK	5	5	450	21									
154	Tilman Zartmann	DEF	PON	5	5	403	1		154	Sigmund Reindl	FWD	ANH	6	0	216	1		154	Didar Sikder	MID	AWB	3	3	210	7.0		154	Archibald Bamford	MID	ENR	4	4	265	4		154	Liam Bopp	DEF	PON	5	5	346	21									
155	Siegmund Stracke	FWD	PON	5	5	287	1		155	Pita Rata	FWD	ANH	6	6	375	1		155	Stepan Andreev	DEF	PER	3	3	270	7.0		155	Themistoklis Zervas	MID	AST	4	4	232	4		155	Conrad Bauer	MID	ESU	5	5	423	21									
156	Hengbo Liu	DEF	FUR	5	5	450	1		156	Albrecht Von Haast	MID	ANH	6	6	381	1		156	Josefa Gonelevu	GK	ANB	3	3	270	7.0		156	Epaminondas Mavromatis	MID	AST	4	4	236	4		156	Simón Arismendi	FWD	HOL	6	6	290	21									
157	Sheng Huang	MID	FUR	5	5	271	1		157	Hone Wihongi	MID	ANH	6	6	451	1		157	Ilaitia Titifanue	MID	ANB	3	3	208	7.0		157	Yishai Galili	MID	SHI	4	0	133	4		157	Tatsuki Akagawa	FWD	NHO	7	7	465	21									
158	Peter Selhorst	FWD	ESU	5	0	166	1		158	Serhat Di̇lbaz	MID	SEL	6	0	201	1		158	Otto Kask	MID	KAR	3	3	233	7.0		158	Yerucham Lehrer	MID	SHI	4	4	240	4		158	Arcadio Villa	FWD	AUR	8	0	388	21									
159	Trent Hawthorne	FWD	ESU	5	5	258	1		159	Cihan Kartaca	MID	SEL	6	0	184	1		159	Aloysius Kaviu	DEF	AKN	3	3	270	7.0		159	Bastien Shengelia	FWD	AEK	4	4	356	4		159	Juvenal Vera	FWD	AUR	8	8	411	21									
160	Leon Vogel	FWD	ESU	5	5	294	1		160	Darven Miçkas	FWD	SEL	6	0	200	1		160	Mlungisi Ndlovu	DEF	ASP	3	3	217	7.0		160	Yëría Kaché	MID	NMZ	4	4	219	4		160	Peter Baláž	DEF	COR	3	3	270	20									
161	Dominic Winslow	FWD	ESU	5	5	263	1		161	Selçuk Demirci	MID	SEL	6	6	375	1		161	Xiang Qian	DEF	FUR	3	3	151	7.0		161	Kanë Dabá	MID	NMZ	4	4	258	4		161	Aloysius Kaviu	DEF	AKN	3	3	270	20									
162	Jakub Dvořák	MID	ALE	5	5	405	1		162	Oleksandr Shevchenko	GK	SID	6	6	540	1		162	Hakim Zerguine	MID	ABB	4	0	149	7.0		162	Feoktist Shishkoff	FWD	MOR	4	0	108	4		162	Pono Nainoa	MID	AED	3	3	203	20									
163	Dirk Platz	FWD	ALE	5	0	154	1		163	Ihor Kovalenko	DEF	SID	6	6	540	1		163	Aristeidis Georgiou	DEF	AST	4	4	360	7.0		163	Nanuq Oyagak	MID	MOR	4	4	243	4		163	Réda Maameri	DEF	ABB	4	4	360	20									
164	Petr Procházka	FWD	ALE	5	0	169	1		164	Pavlo Dovzhenko	MID	SID	6	0	89	1		164	Namú Suriá	DEF	NMZ	4	4	360	7.0		164	Karel Černý	FWD	POL	4	4	316	4		164	Maoz Shaked	MID	SHI	4	4	251	20									
165	Florian Van Can	FWD	ALE	5	5	307	1		165	Sviatoslav Boyko	MID	SID	6	6	421	1		165	Mitrofan Makaroff	DEF	MOR	4	4	312	7.0		165	Marcel Huỳnh	MID	ATK	4	0	118	4		165	Toghrul Bakhshiyev	DEF	AEK	4	4	360	20									
166	Mattieu Donnadieu	DEF	ARV	6	6	513	1		166	Myroslav Zalizniak	MID	SID	6	6	409	1		166	Lajos Újföldi	MID	GUP	4	4	336	7.0		166	Vinh Ngo	FWD	ATK	4	4	360	4		166	Dowá Tuvöl	DEF	NMZ	4	4	360	20									
167	Baptiste Roux	MID	ARV	6	0	143	1		167	Borys Skovoroda	MID	SID	6	6	436	1		167	Ikki Dazai	MID	NCH	5	0	158	7.0		167	Ime Paulsen	MID	ALE	4	0	116	4		167	Durí Karí	MID	NMZ	4	4	219	20									
168	Tristan Fabron	MID	ARV	6	0	266	1		168	Dale Landry	MID	HOL	6	0	270	1		168	Titus Calloway	FWD	SAL	5	0	147	7.0		168	Diethelm Brunner	DEF	AKG	5	5	450	4		168	Piquk Ipalook	DEF	MOR	4	4	360	20									
169	Sigmund Reindl	FWD	ANH	6	0	216	1		169	Ricardo Sherman	MID	HOL	6	6	314	1		169	Xavier Cienfuegos	GK	ASK	5	5	450	7.0		169	Pier Hoekstra	MID	AKG	5	5	354	4		169	Ioannes Dongolawi	DEF	NRG	4	4	354	20									
170	Albrecht Von Haast	MID	ANH	6	6	381	1		170	Kemar Browner	MID	HOL	6	6	422	1		170	Jedidiah Wanamaker	DEF	PON	5	5	450	7.0		170	Ikki Dazai	MID	NCH	5	0	158	4		170	Robert Berthold	MID	LVO	4	4	272	20									
171	Sarp Sayda	DEF	SEL	6	6	540	1		171	Walter Thurmund III	MID	HOL	6	6	333	1		171	Liang Wu	DEF	FUR	5	5	450	7.0		171	Íker Olabarría	MID	ASK	5	1	224	4		171	Kurt Mueller	DEF	ANH	5	5	380	20									
172	Vural Surlu	MID	SEL	6	6	486	1		172	Teguh Setiawan	DEF	CAH	6	6	540	1		172	Zemin Mao	FWD	FUR	5	5	281	7.0		172	Pau Puigcorbé	FWD	ASK	5	5	340	4		172	Ismael Menéndez	DEF	ASK	5	5	431	20									
173	Serhat Di̇lbaz	MID	SEL	6	0	201	1		173	Jehezkiel Lawai	DEF	CAH	6	6	540	1		173	Cihan Kartaca	MID	SEL	6	0	184	7.0		173	Damianos Faragab	MID	NRG	5	5	352	4		173	Trent Hawthorne	FWD	ESU	5	5	258	20									
174	Darven Miçkas	FWD	SEL	6	0	200	1		174	Yopie Runtuwene	FWD	CAH	6	0	179	1		174	Oleksandr Shevchenko	GK	SID	6	6	540	7.0		174	Hengbo Liu	DEF	FUR	5	5	450	4		174	Hadrien Deschamps	DEF	ARV	6	6	540	20									
175	Batuhan Balyoz	MID	SEL	6	6	464	1		175	Made Djelantik	FWD	CAH	6	6	368	1		175	Ashim Bhattacharya	GK	NHO	7	7	630	7.0		175	Rocco De Luca	MID	ESU	5	5	419	4		175	Ferdinand Dumas	MID	ARV	6	6	371	20									
176	Haydar Şen	FWD	SEL	6	6	340	1		176	Kannan Kurup	FWD	CAH	6	6	382	1		176	Daru Jafari	MID	VAR	8	8	496	7.0		176	Trent Hawthorne	FWD	ESU	5	5	258	4		176	Rolf Hoffmann	DEF	ANH	6	6	540	20									
177	Mykola Holoborodko	MID	SID	6	0	115	1		177	Sabin Madius	MID	CAH	6	6	496	1		177	Efraín Arenas	DEF	AUR	8	8	666	7.0		177	Silvio Caruso	MID	ESU	5	5	313	4		177	Hone Wihongi	MID	ANH	6	6	451	20									
178	James Feruccio	MID	HOL	6	0	214	1		178	Eliezer Bansa	MID	CAH	6	6	439	1		178	Kazuyoshi Hiranuma	DEF	NCH	9	9	810	7.0		178	Vojtěch Novotný	DEF	ALE	5	5	450	4		178	Kemar Browner	MID	HOL	6	6	422	20									
179	Ambrose Pickett	MID	HOL	6	0	226	1		179	Yoshio Hanazawa	FWD	NHO	7	0	264	1		179	Luca Higashiyama	MID	NCH	9	9	388	7.0		179	Florian Van Can	FWD	ALE	5	5	307	4		179	Pedram Nazeri	FWD	VAR	9	9	530	20									
180	Alvaro Small	MID	HOL	6	0	190	1		180	Pradip Chowdhury	FWD	NHO	7	0	337	1		180	Gyan Hansda	MID	ENR	3	3	169	6.9		180	Sadao Garabin	MID	NKI	5	0	227	4		180	Stepan Andreev	DEF	PER	3	3	270	19									
181	Fabián Machado	FWD	HOL	6	0	250	1		181	Tanvir Howlader	FWD	NHO	7	7	357	1		181	Thomas Hargreaves	MID	ELV	3	3	233	6.9		181	Esteban Palomer	MID	ARV	6	0	169	4		181	Vusumuzi Zoulou	MID	ASP	3	3	252	19									
182	Ricardo Sherman	MID	HOL	6	6	314	1		182	Joar Berglund	MID	SKJ	7	0	141	1		182	Ezequiel Mulholland	MID	ELV	3	3	215	6.9		182	Pierre Petit	FWD	ARV	6	0	218	4		182	Leonidas Stamatiou	DEF	AST	4	4	360	19									
183	Walter Thurmund III	MID	HOL	6	6	333	1		183	Sixten Karlsson	MID	SKJ	7	7	490	1		183	Ibrahim Galadima	GK	ACS	3	3	270	6.9		183	Manaia Tūhoe	MID	ANH	6	0	155	4		183	Eren Peretz	DEF	SHI	4	4	360	19									
184	Vidi Sastrowardoyo	MID	CAH	6	6	540	1		184	Victor Tvedt	MID	SKJ	7	7	445	1		184	Grzegorz Brzęczyszczykiewicz	FWD	COR	3	3	159	6.9		184	Walther Meyer	MID	ANH	6	6	453	4		184	Hayk Khitaryan	MID	AEK	4	4	293	19									
185	Nyoman Suarjana	FWD	CAH	6	0	157	1		185	Erik Sundqvist	MID	SKJ	7	7	542	1		185	Jahangir Hossain	DEF	AWB	3	3	229	6.9		185	Pita Rata	FWD	ANH	6	6	375	4		185	Eben Nageak	DEF	MOR	4	4	360	19									
186	Cyprian Kulleh	FWD	CAH	6	0	147	1		186	Rostam Khalili	MID	VAR	8	0	296	1		186	Fazlul Miah	MID	AWB	3	3	209	6.9		186	Matthias Becker	MID	ANH	6	6	398	4		186	Nanuq Oyagak	MID	MOR	4	4	243	19									
187	Eliezer Bansa	MID	CAH	6	6	439	1		187	Jose Carlos Pescador	DEF	AUR	8	8	720	1		187	Osman Mamut	DEF	PER	3	3	241	6.9		187	Sarp Sayda	DEF	SEL	6	6	540	4		187	Georgios Artigasha	DEF	NRG	5	5	450	19									
188	Kenji Nagase	FWD	NHO	7	7	336	1		188	Efraín Arenas	DEF	AUR	8	8	666	1		188	Andrea Ferrari	DEF	VIC	3	3	270	6.9		188	Darven Miçkas	FWD	SEL	6	0	200	4		188	Petros Nogedi	MID	NRG	5	5	450	19									
189	Joar Berglund	MID	SKJ	7	0	141	1		189	Arcadio Villa	FWD	AUR	8	0	388	1		189	Raffaele Lucchese	FWD	VIC	3	3	270	6.9		189	Haydar Şen	FWD	SEL	6	6	340	4		189	Hans-Jürgen Hōnigsberg	FWD	PON	5	5	383	19									
190	Erik Sundqvist	MID	SKJ	7	7	542	1		190	Lisandro Rivas	MID	AUR	8	8	590	1		190	Gustav Gyllenhaal	DEF	SKJ	3	1	136	6.9		190	Kemar Browner	MID	HOL	6	6	422	4		190	Zhiyuan Fang	MID	FUR	5	1	201	19									
191	Olegario Pérez	MID	AUR	8	8	437	1		191	Emiliano Luna	MID	AUR	8	8	524	1		191	Jomo Mocoéna	DEF	ASP	3	3	270	6.9		191	Linus Kitingan	DEF	CAH	6	6	507	4		191	Florian Van Can	FWD	ALE	5	5	307	19									
192	Ánselmo Fernandez	MID	AUR	8	0	357	1		192	Hiromu Furuhashi	FWD	NCH	9	0	335	1		192	Alceste Derocles	DEF	ABB	4	4	360	6.9		192	Phani Kyaithang	DEF	NHO	7	7	540	4		192	Nicanor Arandia	FWD	AUR	8	8	435	19									
193	Arcadio Villa	FWD	AUR	8	0	388	1		193	Rui Ōe	MID	NCH	9	9	500	1		193	Tahar Djaballah	DEF	ABB	4	4	360	6.9		193	Kenji Nagase	FWD	NHO	7	7	336	4		193	Zakaria Bouhaddou	MID	AEM	3	3	220	18									
194	Kiyoshi Torigoe	MID	NCH	9	0	435	1		194	Touraj Hayaii	DEF	VAR	9	9	739	1		194	Somaru Markam	DEF	ENR	4	4	360	6.9		194	Kenneth Haugland	DEF	SKJ	7	7	584	4		194	Vladimír Králik	DEF	TUR	4	4	360	18									
195	Takeru Mikado	MID	NCH	9	0	332	1		195	Mehran Shahi	MID	VAR	9	0	298	1		195	Epaminondas Mavromatis	MID	AST	4	4	236	6.9		195	Olander Strandberg	DEF	SKJ	7	7	603	4		195	Gergő Tóth	MID	TUR	4	4	272	18									
196	Luca Higashiyama	MID	NCH	9	9	388	1		196	Pedram Nazeri	FWD	VAR	9	9	530	1		196	Dvir Alon	MID	SHI	4	4	266	6.9		196	Jose Carlos Pescador	DEF	AUR	8	8	720	4		196	Fethi Kateb	MID	ABB	4	4	271	18									
197	Hiro Oshiro	MID	NCH	9	9	674	1		197	Otto Ahmadi	MID	VAR	9	9	669	1		197	Toghrul Bakhshiyev	DEF	AEK	4	4	360	6.9		197	Jenaro Salamanca	DEF	AUR	8	8	675	4		197	Themistoklis Zervas	MID	AST	4	4	232	18									
198	Ziyad Subaie	MID	VAR	9	9	588	1		198	Erfan Rastkar	DEF	VAR	9	9	694	1		198	Hayk Khitaryan	MID	AEK	4	4	293	6.9		198	Ivo Brandão	FWD	AUR	8	0	317	4		198	Tibor Horváth	MID	POL	4	4	348	18									
199	Otto Ahmadi	MID	VAR	9	9	669	1		199	Ashkan Mahdavi	MID	VAR	9	9	509	1		199	Piquk Ipalook	DEF	MOR	4	4	360	6.9		199	Kōzō Fujise	DEF	NCH	9	9	695	4		199	Hemanta Saikia	MID	GUP	4	4	358	18									
																		200	Félix Doan	DEF	ATK	4	4	360	6.9		200	Ziyad Subaie	MID	VAR	9	9	588	4		200	Thinh Dang	MID	ATK	4	4	222	18									
																		201	Cuong Khuat	DEF	ATK	4	4	360	6.9		201	Pacôme Guébré	MID	VAN	2	2	156	3		201	Ulrik Zilinkas	MID	LVO	4	4	271	18									
																		202	Vinh Ngo	FWD	ATK	4	4	360	6.9		202	Bilya Garlett	MID	ARU	2	2	152	3		202	Leftraru Painemal	MID	AKG	5	5	329	18									
																		203	Sang Pham	MID	ATK	4	4	266	6.9		203	Kaiwen Ding	FWD	AXE	2	2	144	3		203	Wilhelm Giesel	FWD	PON	5	5	320	18									
																		204	Diethelm Brunner	DEF	AKG	5	5	450	6.9		204	Gilad Dahan	FWD	SHI	2	2	130	3		204	Masaru Jakamarra	FWD	NKI	5	5	286	18									
																		205	Jonas Mercer	MID	SAL	5	5	393	6.9		205	Kuzma Zvezdinsky	MID	RUD	2	2	131	3		205	Rémi Gauthier	FWD	ARV	6	6	322	18									
																		206	Kurt Mueller	DEF	ANH	5	5	380	6.9		206	Gleb Vorontsov	MID	GIA	2	0	84	3		206	Selçuk Demirci	MID	SEL	6	6	375	18									
																		207	Ibai Urrutia	DEF	ASK	5	5	450	6.9		207	Nurlan Zhakupov	MID	PER	2	0	97	3		207	Ihor Kovalenko	DEF	SID	6	6	540	18									
																		208	Moüses Kyrillos	FWD	NRG	5	5	278	6.9		208	Tadros Amenemhat	MID	KMT	2	2	117	3		208	Borys Skovoroda	MID	SID	6	6	436	18									
																		209	Maximilian Mollenhauer	GK	PON	5	5	450	6.9		209	Kolthe Harkhuf	MID	KMT	2	2	135	3		209	Hiromu Furuhashi	FWD	NCH	9	0	335	18									
																		210	Volkmar Scherer	FWD	PON	5	0	165	6.9		210	Makisig Liwanag	MID	SGD	2	2	120	3		210	Otto Ahmadi	MID	VAR	9	9	669	18									
																		211	Patrick Stumpfegger	MID	PON	5	5	339	6.9		211	Hiraya Halili	MID	SGD	2	2	123	3		211	Makisig Liwanag	MID	SGD	2	2	120	17									
																		212	Haoran Peng	MID	FUR	5	5	419	6.9		212	Gunner Cannon	MID	ELV	3	3	258	3		212	Wenkai Zhao	MID	GUA	3	3	215	17									
																		213	Rocco De Luca	MID	ESU	5	5	419	6.9		213	Grzegorz Brzęczyszczykiewicz	FWD	COR	3	3	159	3		213	Zbigniew Lewandowski	DEF	COR	3	3	270	17									
																		214	Trent Hawthorne	FWD	ESU	5	5	258	6.9		214	Szymon Kowalczyk	MID	COR	3	3	171	3		214	Édouard Szymański	MID	COR	3	3	178	17									
																		215	Warrik Wirandaru	DEF	NKI	5	5	450	6.9		215	Humayun Piker	MID	AWB	3	3	196	3		215	Jaan Soosaar	MID	KAR	3	3	239	17									
																		216	Émile D'Artagnan	DEF	ARV	6	6	540	6.9		216	Didar Sikder	MID	AWB	3	3	210	3		216	Zsolt Harmathy	MID	TUR	4	4	322	17									
																		217	Tristan Fabron	MID	ARV	6	0	266	6.9		217	Vibhas Talukder	MID	AWB	3	3	232	3		217	Yerucham Lehrer	MID	SHI	4	4	240	17									
																		218	Serhat Di̇lbaz	MID	SEL	6	0	201	6.9		218	Othmane El Fassi	MID	AEM	3	3	171	3		218	Kutay Bulut	DEF	SEL	4	0	211	17									
																		219	Batuhan Balyoz	MID	SEL	6	6	464	6.9		219	Kasper Kaljurand	MID	KAR	3	3	193	3		219	Ignatiy Gromoff	DEF	MOR	4	4	355	17									
																		220	Tomás Uzcátegui	DEF	HOL	6	6	540	6.9		220	Martino Marrese	MID	VIC	3	0	45	3		220	Ernst Tiesenhausen	DEF	LVO	4	4	360	17									
																		221	Earl Tomlinson	MID	HOL	6	6	457	6.9		221	Bendegúz Farkasházy	DEF	TUR	4	4	360	3		221	Yeray Bengoetxea	MID	ASK	5	5	364	17									
																		222	Dale Landry	MID	HOL	6	0	270	6.9		222	Gergő Tóth	MID	TUR	4	4	272	3		222	Yohannis Sukkoti	DEF	NRG	5	5	450	17									
																		223	Teguh Setiawan	DEF	CAH	6	6	540	6.9		223	Attila Hegedűs	MID	TUR	4	4	283	3		223	Tianyu Gu	MID	FUR	5	5	357	17									
																		224	Linus Kitingan	DEF	CAH	6	6	507	6.9		224	Amaury Cousteau	FWD	ABB	4	0	167	3		224	Jorrit Blankenburg	FWD	ALE	5	5	290	17									
																		225	Jehezkiel Lawai	DEF	CAH	6	6	540	6.9		225	Nilambar Senapati	FWD	ENR	4	4	258	3		225	Junichiro Tarugara	MID	NKI	5	5	356	17									
																		226	Eliezer Bansa	MID	CAH	6	6	439	6.9		226	Julian Patrick	MID	ENR	4	4	244	3		226	Eruera Waititi	FWD	ANH	6	6	351	17									
																		227	Olof Sjöberg	DEF	SKJ	6	6	515	6.9		227	Segev Even-Khen	MID	SHI	4	4	287	3		227	Kamal Bodhipal	FWD	NHO	7	7	467	17									
																		228	Khagendra Mitra	DEF	NHO	7	7	630	6.9		228	Hayk Khitaryan	MID	AEK	4	4	293	3		228	Tanvir Howlader	FWD	NHO	7	7	357	17									
																		229	Kent Forsberg	MID	SKJ	7	7	524	6.9		229	Jatsó Bluköl	MID	NMZ	4	0	138	3		229	Kolthe Harkhuf	MID	KMT	2	2	135	16									
																		230	Ánselmo Fernandez	MID	AUR	8	0	357	6.9		230	Kaan Erdoğmuş	MID	SEL	4	0	165	3		230	Hiraya Halili	MID	SGD	2	2	123	16									
																		231	Ganzorig Erdene	FWD	NCH	9	9	475	6.9		231	Levi Kignak	FWD	MOR	4	4	252	3		231	Wesley Wetherby	DEF	ELV	3	3	270	16									
																		232	Rui Ōe	MID	NCH	9	9	500	6.9		232	Veniamin Tarakanoff	MID	MOR	4	4	272	3		232	Thomas Hargreaves	MID	ELV	3	3	233	16									
																		233	Ardalan Danesh	DEF	VAR	9	9	746	6.9		233	Lubomír Macháček	MID	POL	4	0	89	3		233	Grzegorz Brzęczyszczykiewicz	FWD	COR	3	3	159	16									
																		234	Siavash Mehrian	MID	VAR	9	1	465	6.9		234	Tibor Horváth	MID	POL	4	4	348	3		234	Rodion Titov	MID	PER	3	3	218	16									
																		235	Senthil Thiruvengadam	DEF	ARU	2	2	180	6.9		235	Tivadar Lakatos	MID	GUP	4	4	315	3		235	Attila Hegedűs	MID	TUR	4	4	283	16									
																		236	Yaqub Ghattas	MID	ADV	2	2	157	6.9		236	Darsing Teron	FWD	GUP	4	4	283	3		236	Ouahid Rahmani	MID	ABB	4	4	285	16									
																		237	Lakan Dimayuga	DEF	SGD	2	2	180	6.9		237	Dat Truong	MID	ATK	4	0	101	3		237	Miltiadis Galanis	FWD	AST	4	4	322	16									
																		238	Sagip Gatmaitan	DEF	SGD	2	2	180	6.9		238	Lam Vu	MID	ATK	4	4	265	3		238	Ravid Biton	MID	SHI	4	4	289	16									
																		239	Puso Kalaw	MID	SGD	2	2	140	6.9		239	Sang Pham	MID	ATK	4	4	266	3		239	Duchí Siwöl	MID	NMZ	4	4	299	16									
																		240	Guowei Sun	FWD	GUA	3	3	156	6.9		240	Hartwig Von Buxhoeveden	DEF	LVO	4	4	360	3		240	Spiridon Krukoff	DEF	MOR	4	4	352	16									
																		241	Changming Zhao	MID	GUA	3	3	227	6.9		241	Reinhold Von Ungern	MID	LVO	4	0	93	3		241	Mitrofan Makaroff	DEF	MOR	4	4	312	16									
																		242	Bo Yan	MID	GUA	3	3	231	6.9		242	Mindaugas Paulauskas	MID	LVO	4	0	125	3		242	Matěj Skočdopole	DEF	POL	4	4	360	16									
																		243	Peter Baláž	DEF	COR	3	3	270	6.9		243	Leftraru Painemal	MID	AKG	5	5	329	3		243	Lam Vu	MID	ATK	4	4	265	16									
																		244	Édouard Szymański	MID	COR	3	3	178	6.9		244	Jonas Mercer	MID	SAL	5	5	393	3		244	Omar Kazluaska	MID	LVO	4	4	242	16									
																		245	Szymon Kowalczyk	MID	COR	3	3	171	6.9		245	Amos Donnelly	FWD	SAL	5	5	306	3		245	Junwei Shen	DEF	FUR	4	2	265	16									
																		246	Vibhas Talukder	MID	AWB	3	3	232	6.9		246	Yeray Bengoetxea	MID	ASK	5	5	364	3		246	Ikki Dazai	MID	NCH	5	0	158	16									
																		247	Idriss Messaoudi	MID	AEM	3	3	249	6.9		247	Augustin Aragonés	FWD	ASK	5	5	348	3		247	Cyrus Winslow	FWD	SAL	5	5	341	16									
																		248	Evgeny Karpov	GK	PER	3	3	270	6.9		248	Ruben Sihombing	MID	CAH	5	0	105	3		248	Matthias Becker	MID	ANH	6	6	398	16									
																		249	Lev Gusev	DEF	PER	3	3	270	6.9		249	Merki Essili	MID	NRG	5	0	164	3		249	Serhat Di̇lbaz	MID	SEL	6	0	201	16									
																		250	Rodion Titov	MID	PER	3	3	218	6.9		250	Merkurios Kudanbes	DEF	NRG	5	5	300	3		250	Haydar Şen	FWD	SEL	6	6	340	16									
																		251	Lorenzo Squillaci	DEF	VIC	3	3	270	6.9		251	Volkmar Scherer	FWD	PON	5	0	165	3		251	Kenji Nagase	FWD	NHO	7	7	336	16									
																		252	Filippo Castiglione	DEF	VIC	3	3	270	6.9		252	Hans-Jürgen Hōnigsberg	FWD	PON	5	5	383	3		252	Henrik Kristianson	FWD	SKJ	7	7	488	16									
																		253	Bendegúz Farkasházy	DEF	TUR	4	4	360	6.9		253	Wilhelm Giesel	FWD	PON	5	5	320	3		253	Spencer Chadwick	MID	ELV	3	3	201	15									
																		254	Zsolt Harmathy	MID	TUR	4	4	322	6.9		254	Haoran Peng	MID	FUR	5	5	419	3		254	Martial Lefèvre	DEF	ACS	3	3	270	15									
																		255	Bibhuti Mohapatra	GK	ENR	4	4	360	6.9		255	Vito Moretti	MID	ESU	5	0	145	3		255	Osman Mamut	DEF	PER	3	3	241	15									
																		256	Yerucham Lehrer	MID	SHI	4	4	240	6.9		256	Horace Peshlakai	FWD	ESU	5	0	221	3		256	Ferdinand Steiner	DEF	AKN	3	3	270	15									
																		257	Dowá Tuvöl	DEF	NMZ	4	4	360	6.9		257	Florian Gruber	DEF	ALE	5	5	399	3		257	Nakoa Kealoha	DEF	AED	3	3	270	15									
																		258	Sulá Bikakö	DEF	NMZ	4	4	360	6.9		258	Dirk Platz	FWD	ALE	5	0	154	3		258	Celani Buthelézi	DEF	ASP	3	3	270	15									
																		259	Chirá Nubrí	FWD	NMZ	4	0	159	6.9		259	Jorrit Blankenburg	FWD	ALE	5	5	290	3		259	Bendegúz Farkasházy	DEF	TUR	4	4	360	15									
																		260	Kanë Dabá	MID	NMZ	4	4	258	6.9		260	Junichiro Tarugara	MID	NKI	5	5	356	3		260	Sofiane Mansouri	FWD	ABB	4	4	214	15									
																		261	Eben Nageak	DEF	MOR	4	4	360	6.9		261	Rémi Gauthier	FWD	ARV	6	6	322	3		261	Lakhdar Meziane	FWD	ABB	4	4	203	15									
																		262	Nanuq Oyagak	MID	MOR	4	4	243	6.9		262	Rolf Hoffmann	DEF	ANH	6	6	540	3		262	Nilambar Senapati	FWD	ENR	4	4	258	15									
																		263	Ladislav Kučera	DEF	POL	4	4	273	6.9		263	Serhat Di̇lbaz	MID	SEL	6	0	201	3		263	Epaminondas Mavromatis	MID	AST	4	4	236	15									
																		264	Tibor Horváth	MID	POL	4	4	348	6.9		264	Hamad Zahrani	MID	VAR	6	0	177	3		264	Lehel Balogh	MID	GUP	4	4	288	15									
																		265	Janh Nguyen	GK	ATK	4	4	360	6.9		265	Earl Tomlinson	MID	HOL	6	6	457	3		265	Duy Tran	DEF	ATK	4	4	360	15									
																		266	Huy Luong	MID	ATK	4	4	264	6.9		266	Alvaro Small	MID	HOL	6	0	190	3		266	Étienne Trieu	MID	ATK	4	4	246	15									
																		267	Pier Hoekstra	MID	AKG	5	5	354	6.9		267	Simón Arismendi	FWD	HOL	6	6	290	3		267	Jonas Mercer	MID	SAL	5	5	393	15									
																		268	Ronald Ward	FWD	SAL	5	5	450	6.9		268	Khagendra Mitra	DEF	NHO	7	7	630	3		268	Ronald Ward	FWD	SAL	5	5	450	15									
																		269	Augustin Aragonés	FWD	ASK	5	5	348	6.9		269	Haripada Bagchi	MID	NHO	7	0	254	3		269	Augustin Aragonés	FWD	ASK	5	5	348	15									
																		270	Yohannis Mina	MID	NRG	5	5	308	6.9		270	Joar Berglund	MID	SKJ	7	0	141	3		270	Zemin Mao	FWD	FUR	5	5	281	15									
																		271	Ephraim Snyder	DEF	PON	5	5	450	6.9		271	Henrik Kristianson	FWD	SKJ	7	7	488	3		271	Jakub Dvořák	MID	ALE	5	5	405	15									
																		272	Diedrich Fassbender	MID	PON	5	5	432	6.9		272	Genma Nishigawa	DEF	NCH	9	9	753	3		272	Sadao Garabin	MID	NKI	5	0	227	15									
																		273	Tianyu Gu	MID	FUR	5	5	357	6.9		273	Eskandar Dehghan	DEF	VAR	9	9	810	3		273	Tristan Fabron	MID	ARV	6	0	266	15									
																		274	Elliot Farnsworth	DEF	ESU	5	5	450	6.9		274	Erfan Rastkar	DEF	VAR	9	9	694	3		274	Daulat Siregar	FWD	CAH	6	6	387	15									
																		275	Conrad Bauer	MID	ESU	5	5	423	6.9		275	Ioannes Qustul	DEF	NRG	1	1	90	2		275	Ivo Brandão	FWD	AUR	8	0	317	15									
																		276	Jakub Dvořák	MID	ALE	5	5	405	6.9		276	Nikhil Chatterjee	DEF	NHO	1	0	49	2		276	Saīd Farzan	FWD	VAR	8	0	280	15									
																		277	Keigo Ikeda	DEF	NKI	5	5	450	6.9		277	Emilio Escalona	DEF	HOL	1	1	90	2		277	Kuzma Zvezdinsky	MID	RUD	2	2	131	14									
																		278	Antoine Bagradian	MID	ARV	6	6	490	6.9		278	Kumaran Sivanathan	MID	ARU	2	0	52	2		278	Maxim Fedorov	DEF	GIA	2	2	134	14									
																		279	Baptiste Roux	MID	ARV	6	0	143	6.9		279	Virsa Tuttonen	MID	KKM	2	2	163	2		279	Ilya Morozov	MID	GIA	2	2	117	14									
																		280	Pierre Petit	FWD	ARV	6	0	218	6.9		280	Uziel Katz	MID	SSA	2	2	149	2		280	Boris Vinogradov	MID	GIA	2	2	134	14									
																		281	Walther Meyer	MID	ANH	6	6	453	6.9		281	Abanoub Sethnakht	MID	KMT	2	0	67	2		281	Narra Catacutan	DEF	SGD	2	2	180	14									
																		282	Ahmet Aydin	GK	SEL	6	6	540	6.9		282	Pisenti Ramose	MID	KMT	2	2	134	2		282	Emrys Lockwood	DEF	ELV	3	3	270	14									
																		283	Muzaffer Doğan	DEF	SEL	6	6	430	6.9		283	Peshraw Rekabi	FWD	ADV	2	0	42	2		283	Bukar Dalori	DEF	ACS	3	3	270	14									
																		284	Yavuz Koç	MID	SEL	6	6	401	6.9		284	Lakhdar Hamidi	MID	ADV	2	2	144	2		284	Konsta Yrjölä	DEF	KAR	3	3	270	14									
																		285	Borys Skovoroda	MID	SID	6	6	436	6.9		285	Tamer Khalil	MID	ADV	2	2	153	2		285	Ohttola Sillaste	DEF	KAR	3	3	270	14									
																		286	James Feruccio	MID	HOL	6	0	214	6.9		286	Catmon Nacpil	FWD	SGD	2	2	180	2		286	Vitus To Ngala	DEF	AKN	3	3	270	14									
																		287	Haraldur Ólafsson	DEF	SKJ	7	7	630	6.9		287	Jao Macaraeg	FWD	SGD	2	2	120	2		287	Ikaika Makoa	DEF	AED	3	3	234	14									
																		288	Olander Strandberg	DEF	SKJ	7	7	603	6.9		288	Kidlat Ilagan	MID	SGD	2	2	135	2		288	Alois Steiner	DEF	AED	3	3	226	14									
																		289	Jacinto Valencia	DEF	AUR	8	8	660	6.9		289	Umaru Yakasai	MID	ACS	2	0	23	2		289	Mlungisi Ndlovu	DEF	ASP	3	3	217	14									
																		290	Gaku Ibusuki	MID	NCH	9	0	312	6.9		290	Usaia Veitayaki	FWD	ANB	2	1	103	2		290	Vilmos Szilágyi	FWD	TUR	4	4	315	14									
																		291	Hiromu Furuhashi	FWD	NCH	9	0	335	6.9		291	István Magvasi	FWD	TUR	3	0	41	2		291	Yëría Kaché	MID	NMZ	4	4	219	14									
																		292	Shō Itoshi	MID	NCH	9	9	466	6.9		292	Jabari Hess	DEF	ELV	3	3	270	2		292	Kaan Erdoğmuş	MID	SEL	4	0	165	14									
																		293	Eskandar Dehghan	DEF	VAR	9	9	810	6.9		293	Thomas Hargreaves	MID	ELV	3	3	233	2		293	Přemysl Kratochvíl	DEF	POL	4	4	331	14									
																		294	Isak Nanlong	MID	AAD	2	2	172	6.8		294	Kieran Frost	MID	ELV	3	0	69	2		294	Tivadar Lakatos	MID	GUP	4	4	315	14									
																		295	Kasi Hnamano	DEF	ENC	2	2	150	6.8		295	Dillon Heath	FWD	ELV	3	0	103	2		295	Lajos Újföldi	MID	GUP	4	4	336	14									
																		296	Meir Shapira	DEF	SSA	2	2	180	6.8		296	Martial Lefèvre	DEF	ACS	3	3	270	2		296	Qiang Zhu	MID	FUR	4	4	193	14									
																		297	Toivo Grigorovic	DEF	RUD	2	2	180	6.8		297	Bogumił Cieślak	DEF	COR	3	3	270	2		297	Otto Manteuffel	MID	LVO	4	4	360	14									
																		298	Dmitry Belov	DEF	GIA	2	2	180	6.8		298	Tadeusz Michalik	MID	COR	3	0	80	2		298	Coyam Cayupán	DEF	AKG	5	5	415	14									
																		299	Abraham Taloikwao	MID	AGN	2	2	149	6.8		299	Kordian Wróblewski	MID	COR	3	0	92	2		299	Peter Selhorst	FWD	ESU	5	0	166	14									
																		300	Nathaniel Suifua	MID	AGN	2	2	158	6.8		300	Witold Ostrowski	FWD	COR	3	0	109	2		300	Arthur Kohlberg	DEF	ALE	5	5	450	14									
																		301	Martial Lefèvre	DEF	ACS	3	3	270	6.8		301	Kacper Dembiński	FWD	COR	3	3	153	2		301	Tarran Nyaruguru	MID	NKI	5	0	175	14									
																		302	Heng Kong	DEF	GUA	3	3	270	6.8		302	Fazlul Miah	MID	AWB	3	3	209	2		302	Kiyoshi Murandin	MID	NKI	5	5	292	14									
																		303	Yassine Benali	GK	AEM	3	3	270	6.8		303	Ilias Rochdi	MID	AEM	3	0	50	2		303	Pierre Petit	FWD	ARV	6	0	218	14									
																		304	Aleksi Järveläinen	GK	KAR	3	3	270	6.8		304	Ildefonso Morón	FWD	AEM	3	3	270	2		304	Pita Rata	FWD	ANH	6	6	375	14									
																		305	Massimo Visconti	GK	VIC	3	3	270	6.8		305	Zakaria Bouhaddou	MID	AEM	3	3	220	2		305	Wahyu Wibowo	MID	CAH	6	6	450	14									
																		306	Attila D'Ambrosi	DEF	VIC	3	3	270	6.8		306	Idriss Messaoudi	MID	AEM	3	3	249	2		306	Pradip Chowdhury	FWD	NHO	7	0	337	14									
																		307	Renato Fioravanti	FWD	VIC	3	3	191	6.8		307	Platon Denisov	FWD	PER	3	0	64	2		307	Torbjørn Kvamme	MID	SKJ	7	0	236	14									
																		308	Balázs Jaminai	MID	TUR	4	0	165	6.8		308	Fedor Frolov	FWD	PER	3	3	206	2		308	Soane Lagivaka	DEF	ENC	2	2	180	13									
																		309	Attila Hegedűs	MID	TUR	4	4	283	6.8		309	Théophile Thibault	MID	ANB	3	3	270	2		309	Toivo Grigorovic	DEF	RUD	2	2	180	13									
																		310	Amaury Cousteau	FWD	ABB	4	0	167	6.8		310	Kökta Saare	FWD	KAR	3	0	85	2		310	Anoup Ptahmose	MID	KMT	2	2	139	13									
																		311	Fethi Kateb	MID	ABB	4	4	271	6.8		311	Kuismaa Kivisild	FWD	KAR	3	3	161	2		311	Lakhdar Hamidi	MID	ADV	2	2	144	13									
																		312	Lakhan Hembrom	MID	ENR	4	4	355	6.8		312	Tim Pukki	FWD	KAR	3	3	181	2		312	Qiushi Zhang	MID	GUA	3	3	223	13									
																		313	Leonidas Stamatiou	DEF	AST	4	4	360	6.8		313	Miroslav Přibyl	FWD	POL	3	3	177	2		313	Bo Yan	MID	GUA	3	3	231	13									
																		314	Pyrros Dimitrakopoulos	MID	AST	4	4	239	6.8		314	Jaroslav Navrátil	MID	AKN	3	3	195	2		314	Bogumił Cieślak	DEF	COR	3	3	270	13									
																		315	Ravid Biton	MID	SHI	4	4	289	6.8		315	Raphael Simet	FWD	AKN	3	3	164	2		315	Lev Gusev	DEF	PER	3	3	270	13									
																		316	Sevak Ohanian	MID	AEK	4	4	305	6.8		316	Salvatore Romano	MID	VIC	3	0	95	2		316	Daulet Kenzhebayev	MID	PER	3	3	264	13									
																		317	Jatsó Bluköl	MID	NMZ	4	0	138	6.8		317	Goffredo Ruggeri	FWD	VIC	3	0	79	2		317	Kasper Kaljurand	MID	KAR	3	3	193	13									
																		318	Kaan Erdoğmuş	MID	SEL	4	0	165	6.8		318	Valentino Zaccagni	MID	VIC	3	3	175	2		318	Miroslav Přibyl	FWD	POL	3	3	177	13									
																		319	Ignatiy Gromoff	DEF	MOR	4	4	355	6.8		319	Domenico Vivaldi	DEF	VIC	3	3	234	2		319	Andrea Ferrari	DEF	VIC	3	3	270	13									
																		320	Spiridon Krukoff	DEF	MOR	4	4	352	6.8		320	Pitso Modisé	MID	ASP	3	0	112	2		320	Gustav Gyllenhaal	DEF	SKJ	3	1	136	13									
																		321	Hemanta Saikia	MID	GUP	4	4	358	6.8		321	Rhulani Khouza	FWD	ASP	3	3	201	2		321	Lakhan Hembrom	MID	ENR	4	4	355	13									
																		322	Lam Vu	MID	ATK	4	4	265	6.8		322	Daigo Takanashi	DEF	NCH	3	0	119	2		322	Vlasios Nikolaou	DEF	AST	4	4	360	13									
																		323	Ioannes Dongolawi	DEF	NRG	4	4	354	6.8		323	Amiya Majumdar	DEF	NHO	3	0	155	2		323	Charalambos Angelopoulos	FWD	AST	4	0	133	13									
																		324	Valdemārs Liepiņš	MID	LVO	4	0	154	6.8		324	Mátyás Szendrei	DEF	TUR	4	4	360	2		324	Dvir Alon	MID	SHI	4	4	266	13									
																		325	Coyam Cayupán	DEF	AKG	5	5	415	6.8		325	Balázs Jaminai	MID	TUR	4	0	165	2		325	Otar Tvalchrelidze	DEF	AEK	4	4	360	13									
																		326	Orkeke Inacayal	FWD	AKG	5	5	298	6.8		326	Hakim Zerguine	MID	ABB	4	0	149	2		326	Kanë Dabá	MID	NMZ	4	4	258	13									
																		327	Hugo Saint-Laurent	DEF	ARV	5	5	362	6.8		327	Boualem Hamraoui	MID	ABB	4	4	348	2		327	Katlian Kadashan	MID	MOR	4	4	274	13									
																		328	Amos Donnelly	FWD	SAL	5	5	306	6.8		328	Sofiane Mansouri	FWD	ABB	4	4	214	2		328	Dušan Tóth	DEF	POL	4	4	338	13									
																		329	Yohannis Sukkoti	DEF	NRG	5	5	450	6.8		329	Lakhan Hembrom	MID	ENR	4	4	355	2		329	Svatopluk Veselý	MID	POL	4	4	330	13									
																		330	Petros Nogedi	MID	NRG	5	5	450	6.8		330	Odysseas Katsaros	MID	AST	4	0	171	2		330	Amos Donnelly	FWD	SAL	5	5	306	13									
																		331	Philip Klein	DEF	ESU	5	5	450	6.8		331	Prokopis Karagiannis	MID	AST	4	4	298	2		331	Josiah Halloway	DEF	SAL	5	5	410	13									
																		332	Horace Peshlakai	FWD	ESU	5	0	221	6.8		332	Iraklis Christodoulou	FWD	AST	4	4	175	2		332	Yohannis Mina	MID	NRG	5	5	308	13									
																		333	Dominic Winslow	FWD	ESU	5	5	263	6.8		333	Pyrros Dimitrakopoulos	MID	AST	4	4	239	2		333	Hanwen Qiu	MID	FUR	5	0	229	13									
																		334	Stijn Boelens	MID	ALE	5	0	220	6.8		334	Miltiadis Galanis	FWD	AST	4	4	322	2		334	Stijn Boelens	MID	ALE	5	0	220	13									
																		335	Hadrien Deschamps	DEF	ARV	6	6	540	6.8		335	Elkana Rotem	MID	SHI	4	0	90	2		335	Walther Meyer	MID	ANH	6	6	453	13									
																		336	Rémi Gauthier	FWD	ARV	6	6	322	6.8		336	Giorgi Tskhovreba	MID	AEK	4	0	119	2		336	Kombo Kobanda	DEF	VAN	2	2	180	12									
																		337	Hone Wihongi	MID	ANH	6	6	451	6.8		337	Aram Keshishyan	FWD	AEK	4	0	83	2		337	Donat Obomsawin	DEF	ATA	2	2	180	12									
																		338	Erdem Polat	DEF	SEL	6	6	491	6.8		338	Carnig Chalikyan	FWD	AEK	4	4	277	2		338	Irgen Mu	MID	AXE	2	2	179	12									
																		339	Yurii Zahrebelny	DEF	SID	6	6	540	6.8		339	Namú Suriá	DEF	NMZ	4	4	360	2		339	Meir Shapira	DEF	SSA	2	2	180	12									
																		340	Wade Boone	DEF	HOL	6	6	540	6.8		340	Tsirú Diköl	DEF	NMZ	4	4	360	2		340	Pavel Sokolov	FWD	RUD	2	2	131	12									
																		341	Simón Arismendi	FWD	HOL	6	6	290	6.8		341	Tkabë Kichá	MID	NMZ	4	0	162	2		341	Pishoy Djehuty	DEF	KMT	2	2	180	12									
																		342	Kemar Browner	MID	HOL	6	6	422	6.8		342	Këbö Wirbli	MID	NMZ	4	0	117	2		342	Hor Senedjem	DEF	KMT	2	2	180	12									
																		343	Walter Thurmund III	MID	HOL	6	6	333	6.8		343	Chirá Nubrí	FWD	NMZ	4	0	159	2		343	Pisenti Ramose	MID	KMT	2	2	134	12									
																		344	Wahyu Wibowo	MID	CAH	6	6	450	6.8		344	Kutay Bulut	DEF	SEL	4	0	211	2		344	Lakan Dimayuga	DEF	SGD	2	2	180	12									
																		345	Sabin Madius	MID	CAH	6	6	496	6.8		345	Eben Nageak	DEF	MOR	4	4	360	2		345	Puso Kalaw	MID	SGD	2	2	140	12									
																		346	Phani Kyaithang	DEF	NHO	7	7	540	6.8		346	Telmo Candeias	MID	ASK	4	4	229	2		346	Aliyu Dikko	DEF	ACS	3	3	240	12									
																		347	Sanat Barua	MID	NHO	7	7	597	6.8		347	Vilém Zlatohlavý	FWD	POL	4	1	132	2		347	Rofiqul Khandaker	FWD	AWB	3	3	156	12									
																		348	Sixten Karlsson	MID	SKJ	7	7	490	6.8		348	Mridul Payeng	MID	GUP	4	0	77	2		348	Humayun Piker	MID	AWB	3	3	196	12									
																		349	Rafael Rosario	GK	AUR	8	8	720	6.8		349	Lajos Újföldi	MID	GUP	4	4	336	2		349	Vibhas Talukder	MID	AWB	3	3	232	12									
																		350	Nicanor Arandia	FWD	AUR	8	8	435	6.8		350	Félix Doan	DEF	ATK	4	4	360	2		350	Montasir El Andaloussi	DEF	AEM	3	3	270	12									
																		351	Lisandro Rivas	MID	AUR	8	8	590	6.8		351	Quang Đinh	MID	ATK	4	0	154	2		351	Sitiveni Seruvakula	DEF	ANB	3	3	270	12									
																		352	Emiliano Luna	MID	AUR	8	8	524	6.8		352	Huy Luong	MID	ATK	4	4	264	2		352	Jaroslav Navrátil	MID	AKN	3	3	195	12									
																		353	Makoto Kishima	MID	NCH	9	9	786	6.8		353	Ioannes Dongolawi	DEF	NRG	4	4	354	2		353	Chérif Guerroudj	FWD	ABB	4	4	231	12									
																		354	Takeru Mikado	MID	NCH	9	0	332	6.8		354	Pirmin Hoffmeister	MID	PON	4	0	82	2		354	Somaru Markam	DEF	ENR	4	4	360	12									
																		355	Erfan Rastkar	DEF	VAR	9	9	694	6.8		355	Qiang Zhu	MID	FUR	4	4	193	2		355	Fulgens Tirkey	DEF	ENR	4	4	360	12									
																		356	Elwood Wagamese	MID	ATA	2	2	144	6.7		356	Kurt Eberle	FWD	AKG	5	0	182	2		356	Iraklis Christodoulou	FWD	AST	4	4	175	12									
																		357	Clifton Papatie	MID	ATA	2	2	147	6.7		357	Mangin Tripailaf	MID	AKG	5	5	382	2		357	Levi Kignak	FWD	MOR	4	4	252	12									
																		358	Bilya Garlett	MID	ARU	2	2	152	6.7		358	Cyprian Regent	MID	SAL	5	5	450	2		358	Ladislav Kučera	DEF	POL	4	4	273	12									
																		359	Kasun Gunawardena	DEF	ARU	2	2	167	6.7		359	Zebulon Hartshorn	FWD	SAL	5	0	106	2		359	Heinrich Stackelberg	MID	LVO	4	4	266	12									
																		360	Nūmho Laranyal	MID	KFK	2	2	173	6.7		360	William Levice	MID	SAL	5	5	325	2		360	Ime Paulsen	MID	ALE	4	0	116	12									
																		361	Naguib Sharawi	DEF	ADV	2	2	180	6.7		361	Yohannis Mina	MID	NRG	5	5	308	2		361	Matías Salcedo	FWD	ASK	5	5	335	12									
																		362	Viktor Kohlmann	MID	ADV	2	2	176	6.7		362	Conan Neitzel	MID	PON	5	0	131	2		362	Pau Puigcorbé	FWD	ASK	5	5	340	12									
																		363	Wesley Wetherby	DEF	ELV	3	3	270	6.7		363	Diedrich Fassbender	MID	PON	5	5	432	2		363	Eijiro Matsumoto	MID	NKI	5	5	378	12									
																		364	Zixuan Wang	GK	GUA	3	3	270	6.7		364	Laurenz Reinhart	FWD	PON	5	0	132	2		364	Ernst Braunschweig	MID	ANH	6	0	210	12									
																		365	Marek Kováč	GK	COR	3	3	270	6.7		365	Siegmund Stracke	FWD	PON	5	5	287	2		365	Sigmund Reindl	FWD	ANH	6	0	216	12									
																		366	Zbigniew Lewandowski	DEF	COR	3	3	270	6.7		366	Hanwen Qiu	MID	FUR	5	0	229	2		366	Alvaro Small	MID	HOL	6	0	190	12									
																		367	Zakaria Bouhaddou	MID	AEM	3	3	220	6.7		367	Zemin Mao	FWD	FUR	5	5	281	2		367	Walter Thurmund III	MID	HOL	6	6	333	12									
																		368	Daulet Kenzhebayev	MID	PER	3	3	264	6.7		368	Philip Klein	DEF	ESU	5	5	450	2		368	Nayuka Patchila	GK	AAD	2	2	180	11									
																		369	Klim Zaytsev	MID	PER	3	3	167	6.7		369	Kendrick Nakai	MID	ESU	5	0	195	2		369	Isak Nanlong	MID	AAD	2	2	172	11									
																		370	Kuismaa Kivisild	FWD	KAR	3	3	161	6.7		370	Stijn Boelens	MID	ALE	5	0	220	2		370	Raveendran Unnithan	MID	ARU	2	2	147	11									
																		371	Ferdinand Steiner	DEF	AKN	3	3	270	6.7		371	Tanjin Tsukahara	DEF	NKI	5	5	450	2		371	Atem Madut	DEF	SSA	2	2	180	11									
																		372	Vitus To Ngala	DEF	AKN	3	3	270	6.7		372	Keigo Ikeda	DEF	NKI	5	5	450	2		372	Sergei Smirnov	DEF	RUD	2	2	180	11									
																		373	Valentino Zaccagni	MID	VIC	3	3	175	6.7		373	Minoru Andō	FWD	NKI	5	0	184	2		373	Roman Stepanov	DEF	GIA	2	2	180	11									
																		374	Ikaika Makoa	DEF	AED	3	3	234	6.7		374	Nyilan Shikishima	FWD	NKI	5	0	155	2		374	Nūmho Laranyal	MID	KFK	2	2	173	11									
																		375	Réda Maameri	DEF	ABB	4	4	360	6.7		375	Kiyoshi Murandin	MID	NKI	5	5	292	2		375	Psote Neferhotep	MID	KMT	2	2	180	11									
																		376	Bastien Shengelia	FWD	AEK	4	4	356	6.7		376	Jatin Sudatta	FWD	NHO	6	0	196	2		376	Naguib Sharawi	DEF	ADV	2	2	180	11									
																		377	Tsirú Diköl	DEF	NMZ	4	4	360	6.7		377	Ernst Braunschweig	MID	ANH	6	0	210	2		377	Kidlat Ilagan	MID	SGD	2	2	135	11									
																		378	Tkabë Kichá	MID	NMZ	4	0	162	6.7		378	Sigmund Reindl	FWD	ANH	6	0	216	2		378	Ousman Jalo	MID	ACS	3	3	246	11									
																		379	Katlian Kadashan	MID	MOR	4	4	274	6.7		379	Eruera Waititi	FWD	ANH	6	6	351	2		379	Szymon Kowalczyk	MID	COR	3	3	171	11									
																		380	Jakub Svoboda	GK	POL	4	4	360	6.7		380	Erdem Polat	DEF	SEL	6	6	491	2		380	Idriss Messaoudi	MID	AEM	3	3	249	11									
																		381	Dušan Tóth	DEF	POL	4	4	338	6.7		381	Tunç Kenaanoğlu	DEF	SEL	6	6	488	2		381	Lorenzo Squillaci	DEF	VIC	3	3	270	11									
																		382	Pranab Hazarika	GK	GUP	4	4	360	6.7		382	Zhalek Cheremesinoff	MID	SID	6	0	173	2		382	Filippo Castiglione	DEF	VIC	3	3	270	11									
																		383	Tivadar Lakatos	MID	GUP	4	4	315	6.7		383	Taras Bondarenko	MID	SID	6	6	484	2		383	Valentino Zaccagni	MID	VIC	3	3	175	11									
																		384	Lehel Balogh	MID	GUP	4	4	288	6.7		384	Leonardo Urdaneta	DEF	HOL	6	6	540	2		384	Renato Fioravanti	FWD	VIC	3	3	191	11									
																		385	Manh Ton That	DEF	ATK	4	4	360	6.7		385	Vidi Sastrowardoyo	MID	CAH	6	6	540	2		385	Marcello La Barca	MID	VIC	3	3	231	11									
																		386	Qiang Zhu	MID	FUR	4	4	193	6.7		386	Eliezer Bansa	MID	CAH	6	6	439	2		386	József Antall	FWD	TUR	4	4	266	11									
																		387	Axel Berg	GK	LVO	4	4	360	6.7		387	Anirban Goswami	DEF	NHO	7	7	516	2		387	Tomer Mizrahi	DEF	SHI	4	4	360	11									
																		388	Ernst Tiesenhausen	DEF	LVO	4	4	360	6.7		388	Susumu Uehara	DEF	NHO	7	7	630	2		388	Oded Levi	DEF	SHI	4	4	360	11									
																		389	Wanguelen Sayhueque	MID	AKG	5	5	395	6.7		389	Yoshio Hanazawa	FWD	NHO	7	0	264	2		389	Jatsó Bluköl	MID	NMZ	4	0	138	11									
																		390	Ismael Menéndez	DEF	ASK	5	5	431	6.7		390	Torbjørn Kvamme	MID	SKJ	7	0	236	2		390	Khagen Basumatary	DEF	GUP	4	4	360	11									
																		391	Tadros Sonqi	MID	NRG	5	0	211	6.7		391	Rostam Khalili	MID	VAR	8	0	296	2		391	Gvidas Rimkevičius	DEF	LVO	4	4	316	11									
																		392	Wilhelm Giesel	FWD	PON	5	5	320	6.7		392	Jacinto Valencia	DEF	AUR	8	8	660	2		392	Wanguelen Sayhueque	MID	AKG	5	5	395	11									
																		393	Kendrick Nakai	MID	ESU	5	0	195	6.7		393	Efraín Arenas	DEF	AUR	8	8	666	2		393	Baptiste Roux	MID	ARV	6	0	143	11									
																		394	Thor Andresen	FWD	ALE	5	5	301	6.7		394	Nicanor Arandia	FWD	AUR	8	8	435	2		394	Cihan Kartaca	MID	SEL	6	0	184	11									
																		395	Tarran Nyaruguru	MID	NKI	5	0	175	6.7		395	Gen Fija	DEF	NCH	9	9	810	2		395	Darven Miçkas	FWD	SEL	6	0	200	11									
																		396	Judah Rangitāne	DEF	ANH	6	6	515	6.7		396	Soumitro Ganguly	MID	NHO	1	0	30	1		396	Nikolaus Wagner	DEF	ANH	1	1	90	10									
																		397	Fraser Te Rangi	DEF	ANH	6	6	540	6.7		397	Ogimaa Panadis	MID	ATA	1	0	36	1		397	Comlan Gbanou	GK	VAN	2	2	180	10									
																		398	Selçuk Demirci	MID	SEL	6	6	375	6.7		398	Lyle Kakepetum	MID	ATA	1	0	35	1		398	Firmino Varela	DEF	ATA	2	2	180	10									
																		399	Zhalek Cheremesinoff	MID	SID	6	0	173	6.7		399	Yorgos Moustakellis	FWD	AST	1	0	27	1		399	Clifton Papatie	MID	ATA	2	2	147	10									
																		400	Joar Berglund	MID	SKJ	7	0	141	6.7		400	Ola Naone	MID	AED	1	0	21	1		400	Dambiin Dorzhiev	DEF	AXE	2	2	180	10									
																		401	Ziyad Subaie	MID	VAR	9	9	588	6.7		401	Nazer Shahrivar	MID	VAR	1	0	30	1		401	Esko Sateräkki	DEF	KKM	2	2	180	10									
																		402	Mehran Shahi	MID	VAR	9	0	298	6.7		402	Berat Çankaya	MID	SEL	1	0	12	1		402	Sámmol Krusinen	DEF	KKM	2	2	180	10									
																		403	Firmino Varela	DEF	ATA	2	2	180	6.7		403	Panting Jugah	DEF	CAH	1	0	33	1		403	Taiwin Pacaka	DEF	KFK	2	2	180	10									
																		404	Mateus Herrera	DEF	ATA	2	2	164	6.7		404	Théo Lachapelle	DEF	ARV	1	1	90	1		404	Tamer Khalil	MID	ADV	2	2	153	10									
																		405	Biidaaban Manitowabi	FWD	ATA	2	2	180	6.7		405	Firmino Varela	DEF	ATA	2	2	180	1		405	Kurt Hartmann	MID	AGN	2	2	145	10									
																		406	Murugan Shivaswamy	DEF	ARU	2	2	180	6.7		406	Donat Obomsawin	DEF	ATA	2	2	180	1		406	Weynand Pakage	DEF	ASG	2	2	180	10									
																		407	Radna Tsydypov	MID	AXE	2	2	135	6.7		407	Mateus Herrera	DEF	ATA	2	2	164	1		407	Ryan Cole	MID	ELV	2	0	49	10									
																		408	Irgen Mu	MID	AXE	2	2	179	6.7		408	Biidaaban Manitowabi	FWD	ATA	2	2	180	1		408	Warren Marshall	DEF	ELV	3	3	270	10									
																		409	Esko Sateräkki	DEF	KKM	2	2	180	6.7		409	Niibin Nadjiwon	FWD	ATA	2	2	127	1		409	Dillon Heath	FWD	ELV	3	0	103	10									
																		410	Ngor Thon	MID	SSA	2	2	145	6.7		410	Senthil Thiruvengadam	DEF	ARU	2	2	180	1		410	Heng Kong	DEF	GUA	3	3	270	10									
																		411	Anton Orlov	DEF	GIA	2	2	180	6.7		411	Dhanushkodi Thuraisingam	FWD	ARU	2	2	180	1		411	Yuxuan Cui	FWD	GUA	3	0	114	10									
																		412	Jangir Barwari	DEF	ADV	2	2	180	6.7		412	Natarajan Madhavan	FWD	ARU	2	2	85	1		412	Palash Bhuiyan	FWD	AWB	3	3	270	10									
																		413	Tamer Khalil	MID	ADV	2	2	153	6.7		413	Raveendran Unnithan	MID	ARU	2	2	147	1		413	Didar Sikder	MID	AWB	3	3	210	10									
																		414	Kurt Hartmann	MID	AGN	2	2	145	6.7		414	Kasun Gunawardena	DEF	ARU	2	2	167	1		414	Fazlul Miah	MID	AWB	3	3	209	10									
																		415	Weynand Pakage	DEF	ASG	2	2	180	6.7		415	Buyan Tserendorj	MID	AXE	2	0	50	1		415	Klim Zaytsev	MID	PER	3	3	167	10									
																		416	Emrys Lockwood	DEF	ELV	3	3	270	6.7		416	Radna Tsydypov	MID	AXE	2	2	135	1		416	Otto Kask	MID	KAR	3	3	233	10									
																		417	Bukar Dalori	DEF	ACS	3	3	270	6.7		417	Nidoïsh Naisseline	MID	ENC	2	2	178	1		417	Gideon Vunairoto	MID	AKN	3	3	251	10									
																		418	Aliyu Dikko	DEF	ACS	3	3	240	6.7		418	Falakiko Vailala	MID	ENC	2	2	166	1		418	Enhle Khumalo	DEF	ASP	3	3	270	10									
																		419	Feng Ji	DEF	GUA	3	3	270	6.7		419	Poindi Kabar	MID	ENC	2	2	119	1		419	Gijs Dreesens	MID	ALE	3	3	134	10									
																		420	Lingyun Hao	MID	GUA	3	3	270	6.7		420	Toma Peato	FWD	ENC	2	2	142	1		420	Boualem Hamraoui	MID	ABB	4	4	348	10									
																		421	Bogumił Cieślak	DEF	COR	3	3	270	6.7		421	Kasi Hnamano	DEF	ENC	2	2	150	1		421	Rupert Cavendish	DEF	ENR	4	4	309	10									
																		422	Erik Záhorský	DEF	COR	3	3	270	6.7		422	Juhani Norsuunlainen	FWD	KKM	2	0	75	1		422	Pyrros Dimitrakopoulos	MID	AST	4	4	239	10									
																		423	Miłosz Zawadzki	FWD	COR	3	3	270	6.7		423	Veikko Turkunen	FWD	KKM	2	2	139	1		423	Asaf Bar-Lev	DEF	SHI	4	4	360	10									
																		424	Khalil Alami	MID	AEM	3	3	239	6.7		424	Eitan Halevi	MID	SSA	2	0	63	1		424	Carnig Chalikyan	FWD	AEK	4	4	277	10									
																		425	Epeli Leweniqila	MID	ANB	3	3	204	6.7		425	Evgeny Makarov	DEF	RUD	2	2	180	1		425	Sulá Bikakö	DEF	NMZ	4	4	360	10									
																		426	Konsta Yrjölä	DEF	KAR	3	3	270	6.7		426	Toivo Grigorovic	DEF	RUD	2	2	180	1		426	Ditsö Nakí	MID	NMZ	4	4	257	10									
																		427	Notini Tikana	GK	AKN	3	3	270	6.7		427	Milan Ivanov	MID	RUD	2	0	45	1		427	Quang Đinh	MID	ATK	4	0	154	10									
																		428	Gideon Vunairoto	MID	AKN	3	3	251	6.7		428	Alex Kaczmarek	FWD	RUD	2	0	49	1		428	Justus Hermann	DEF	LVO	4	4	360	10									
																		429	Marcello La Barca	MID	VIC	3	3	231	6.7		429	Igor Novikov	MID	RUD	2	2	136	1		429	Paulus Schmidt	FWD	LVO	4	4	219	10									
																		430	Lono Kekoa	FWD	AED	3	3	200	6.7		430	Sabit Nurgaliev	MID	GIA	2	0	48	1		430	Orkeke Inacayal	FWD	AKG	5	5	298	10									
																		431	Celani Buthelézi	DEF	ASP	3	3	270	6.7		431	Ural Yusupov	MID	GIA	2	2	171	1		431	Theodoros Farasin	MID	NRG	5	5	295	10									
																		432	Vladimír Králik	DEF	TUR	4	4	360	6.7		432	Tolib Rahimov	MID	GIA	2	0	51	1		432	Kendrick Nakai	MID	ESU	5	0	195	10									
																		433	Julian Patrick	MID	ENR	4	4	244	6.7		433	Ilya Morozov	MID	GIA	2	2	117	1		433	Silvio Caruso	MID	ESU	5	5	313	10									
																		434	Asaf Bar-Lev	DEF	SHI	4	4	360	6.7		434	Dōren Lâchūaton	FWD	KFK	2	2	180	1		434	Thor Andresen	FWD	ALE	5	5	301	10									
																		435	Eren Peretz	DEF	SHI	4	4	360	6.7		435	Risto Ātlaköneinen	MID	KFK	2	2	142	1		435	James Feruccio	MID	HOL	6	0	214	10									
																		436	Oded Levi	DEF	SHI	4	4	360	6.7		436	Pakhom Userhat	DEF	KMT	2	2	180	1		436	Ambrose Pickett	MID	HOL	6	0	226	10									
																		437	Rashad Verdiyev	MID	AEK	4	4	321	6.7		437	Psote Neferhotep	MID	KMT	2	2	180	1		437	Vidi Sastrowardoyo	MID	CAH	6	6	540	10									
																		438	Sibö Kurbli	GK	NMZ	4	4	360	6.7		438	Moyse Amenmose	MID	KMT	2	0	42	1		438	Yoshio Hanazawa	FWD	NHO	7	0	264	10									
																		439	Svatopluk Veselý	MID	POL	4	4	330	6.7		439	Phib Bakenkhons	FWD	KMT	2	0	58	1		439	Ennio Amato	DEF	VAN	2	2	180	9									
																		440	Thinh Dang	MID	ATK	4	4	222	6.7		440	Ghaith Musawi	DEF	ADV	2	1	166	1		440	Matouš Beneš	DEF	AAD	2	2	180	9									
																		441	Junwei Shen	DEF	FUR	4	2	265	6.7		441	Raed Enezi	MID	ADV	2	0	36	1		441	Arkady Vsevolozhsky	MID	RUD	2	2	134	9									
																		442	Kurt Eberle	FWD	AKG	5	0	182	6.7		442	Viktor Kohlmann	MID	ADV	2	2	176	1		442	Igor Novikov	MID	RUD	2	2	136	9									
																		443	Leftraru Painemal	MID	AKG	5	5	329	6.7		443	Neçirvan Barzani	FWD	ADV	2	2	180	1		443	Arman Dosmukhamed	DEF	PER	2	0	81	9									
																		444	Rodrigo Alvarenga	DEF	ASK	5	5	450	6.7		444	Xebat Hawrami	FWD	ADV	2	2	138	1		444	Ivan Gavrilovic	DEF	PER	2	2	128	9									
																		445	Georgios Artigasha	DEF	NRG	5	5	450	6.7		445	Yaqub Ghattas	MID	ADV	2	2	157	1		445	Catmon Nacpil	FWD	SGD	2	2	180	9									
																		446	Siegmund Stracke	FWD	PON	5	5	287	6.7		446	Araw Tapang	MID	SGD	2	0	57	1		446	Jao Macaraeg	FWD	SGD	2	2	120	9									
																		447	Hanwen Qiu	MID	FUR	5	0	229	6.7		447	Kidlat Yabut	MID	SGD	2	0	45	1		447	Joseph Nanau	GK	AGN	2	2	180	9									
																		448	Leon Vogel	FWD	ESU	5	5	294	6.7		448	Delana Koroi	MID	ANB	2	0	61	1		448	Hedley Kabutaulaka	DEF	AGN	2	2	180	9									
																		449	Sadao Garabin	MID	NKI	5	0	227	6.7		449	Gcobani Nhlapo-Marais	MID	ASP	2	0	47	1		449	Ewald Kessler	DEF	AGN	2	2	180	9									
																		450	Esteban Palomer	MID	ARV	6	0	169	6.7		450	Woldemar Wrangell	FWD	LVO	2	0	74	1		450	Nathanael Custer	DEF	PON	2	0	110	9									
																		451	Ernst Braunschweig	MID	ANH	6	0	210	6.7		451	Kosti Serrani	MID	NRG	2	0	44	1		451	Herman Kogoya	GK	ASG	2	2	180	9									
																		452	Ambrose Pickett	MID	HOL	6	0	226	6.7		452	Ondřej Černý	MID	ALE	2	2	137	1		452	Ezequiel Mulholland	MID	ELV	3	3	215	9									
																		453	Alvaro Small	MID	HOL	6	0	190	6.7		453	Yacine Belkacem	FWD	ABB	3	0	107	1		453	Shehu Turaki	DEF	ACS	3	3	270	9									
																		454	Nyoman Suarjana	FWD	CAH	6	0	157	6.7		454	Gyan Hansda	MID	ENR	3	3	169	1		454	Guowei Sun	FWD	GUA	3	3	156	9									
																		455	Juvenal Vera	FWD	AUR	8	8	411	6.7		455	Wesley Wetherby	DEF	ELV	3	3	270	1		455	Heliodoro Medina	DEF	AEM	3	3	270	9									
																		456	Hiro Oshiro	MID	NCH	9	9	674	6.7		456	Conor Dale	MID	ELV	3	0	55	1		456	Badr Chraibi	DEF	AEM	3	3	270	9									
																		457	Otto Ahmadi	MID	VAR	9	9	669	6.7		457	Yakubu Dattijo	FWD	ACS	3	3	150	1		457	Augustin Moreau	DEF	ANB	3	3	270	9									
																		458	Douglas MacKenzie	DEF	ENC	2	2	180	6.6		458	Kabiru Mainasara	FWD	ACS	3	3	159	1		458	Théophile Thibault	MID	ANB	3	3	270	9									
																		459	Lemet Vesijärven	MID	KKM	2	2	141	6.6		459	Nuhu Maina	MID	ACS	3	3	199	1		459	Kuismaa Kivisild	FWD	KAR	3	3	161	9									
																		460	Shehu Turaki	DEF	ACS	3	3	270	6.6		460	Heng Kong	DEF	GUA	3	3	270	1		460	Voptá Hendá	FWD	KAR	3	3	193	9									
																		461	Liakat Chowdhury	DEF	AWB	3	3	270	6.6		461	Ziqiang Bao	MID	GUA	3	0	39	1		461	Titus Turuk	DEF	AKN	3	3	225	9									
																		462	Chanchal Ahmed	DEF	AWB	3	3	270	6.6		462	Lingyun Hao	MID	GUA	3	3	270	1		462	Eleu Pokipala	FWD	AED	3	3	171	9									
																		463	Makar Kulikov	MID	PER	3	3	270	6.6		463	Sławomir Jędrzejczyk	MID	COR	3	0	108	1		463	Amaury Cousteau	FWD	ABB	4	0	167	9									
																		464	Théophile Thibault	MID	ANB	3	3	270	6.6		464	Radosław Gołębiowski	FWD	COR	3	0	119	1		464	Ashot Aghababyan	DEF	AEK	4	4	360	9									
																		465	Voptá Hendá	FWD	KAR	3	3	193	6.6		465	Liakat Chowdhury	DEF	AWB	3	3	270	1		465	Sevak Ohanian	MID	AEK	4	4	305	9									
																		466	Zbyněk Bezruč	MID	POL	3	3	215	6.6		466	Jamal Sardar	MID	AWB	3	0	77	1		466	Tkabë Kichá	MID	NMZ	4	0	162	9									
																		467	Alois Steiner	DEF	AED	3	3	226	6.6		467	Zamir Peled	MID	SHI	3	0	76	1		467	Veniamin Tarakanoff	MID	MOR	4	4	272	9									
																		468	Lebogang Du Phiri	MID	ASP	3	3	241	6.6		468	Dolev Nagar	MID	SHI	3	0	68	1		468	Gusztáv Molnár	DEF	GUP	4	4	360	9									
																		469	Rhulani Khouza	FWD	ASP	3	3	201	6.6		469	Montasir El Andaloussi	DEF	AEM	3	3	270	1		469	Darsing Teron	FWD	GUP	4	4	283	9									
																		470	Vusumuzi Zoulou	MID	ASP	3	3	252	6.6		470	Badr Chraibi	DEF	AEM	3	3	270	1		470	Dat Truong	MID	ATK	4	0	101	9									
																		471	Boualem Hamraoui	MID	ABB	4	4	348	6.6		471	Stepan Andreev	DEF	PER	3	3	270	1		471	Vinh Ngo	FWD	ATK	4	4	360	9									
																		472	Koceïla Idir	MID	ABB	4	4	270	6.6		472	Trofim Savelyev	MID	PER	3	0	52	1		472	Cyprian Regent	MID	SAL	5	5	450	9									
																		473	Trilochan Khuntia	MID	ENR	4	1	171	6.6		473	Daulet Kenzhebayev	MID	PER	3	3	264	1		473	Reuben Mendoza	DEF	HOL	5	5	361	9									
																		474	Rupert Cavendish	DEF	ENR	4	4	309	6.6		474	Makar Kulikov	MID	PER	3	3	270	1		474	Jesus Halconero	FWD	ASK	5	0	152	9									
																		475	Odysseas Katsaros	MID	AST	4	0	171	6.6		475	Mahendra Singh	DEF	ANB	3	3	270	1		475	Yicheng Tan	MID	FUR	5	0	157	9									
																		476	Miltiadis Galanis	FWD	AST	4	4	322	6.6		476	Augustin Moreau	DEF	ANB	3	3	270	1		476	Leon Vogel	FWD	ESU	5	5	294	9									
																		477	Nikoloz Nadaraia	GK	AEK	4	4	360	6.6		477	Ratu Baleiwai	FWD	ANB	3	0	117	1		477	Dominic Winslow	FWD	ESU	5	5	263	9									
																		478	Otar Tvalchrelidze	DEF	AEK	4	4	360	6.6		478	Viliame Latianara	FWD	ANB	3	3	193	1		478	Wieland Hummel	FWD	ALE	5	0	129	9									
																		479	Veniamin Tarakanoff	MID	MOR	4	4	272	6.6		479	Rajesh Narayan	FWD	ANB	3	3	159	1		479	Nyilan Shikishima	FWD	NKI	5	0	155	9									
																		480	Khagen Basumatary	DEF	GUP	4	4	360	6.6		480	Epeli Leweniqila	MID	ANB	3	3	204	1		480	Oleksandr Shevchenko	GK	SID	6	6	540	9									
																		481	Duy Tran	DEF	ATK	4	4	360	6.6		481	Ilaitia Titifanue	MID	ANB	3	3	208	1		481	Callum Calhoun	GK	HOL	6	6	540	9									
																		482	Quang Đinh	MID	ATK	4	0	154	6.6		482	Ohttola Sillaste	DEF	KAR	3	3	270	1		482	Fabián Machado	FWD	HOL	6	0	250	9									
																		483	Gvidas Rimkevičius	DEF	LVO	4	4	316	6.6		483	Iilmari Torjalasten	MID	KAR	3	0	82	1		483	Severino Guzmán	FWD	AUR	6	0	228	9									
																		484	Amaru Calfuqueo	GK	AKG	5	5	450	6.6		484	Roððo Duongi	FWD	KAR	3	0	77	1		484	Nikhil Chatterjee	DEF	NHO	1	0	49	8									
																		485	Cyprian Regent	MID	SAL	5	5	450	6.6		485	Zbyněk Bezruč	MID	POL	3	3	215	1		485	Narcisse Nakombo	MID	VAN	2	2	162	8									
																		486	Micah Overstreet	MID	SAL	5	0	158	6.6		486	Vitus To Ngala	DEF	AKN	3	3	270	1		486	Saw Htoo	DEF	AAD	2	2	180	8									
																		487	Íker Olabarría	MID	ASK	5	1	224	6.6		487	Nathan Lavuka	MID	AKN	3	0	101	1		487	Elias Totanange	DEF	AAD	2	2	180	8									
																		488	Merki Essili	MID	NRG	5	0	164	6.6		488	Benedict To Warai	FWD	AKN	3	0	106	1		488	Oviyan Venkataraman	MID	ARU	2	2	132	8									
																		489	Mingzhe Xiong	DEF	FUR	5	5	450	6.6		489	Lorenzo Squillaci	DEF	VIC	3	3	270	1		489	Bilya Garlett	MID	ARU	2	2	152	8									
																		490	Zhiyuan Fang	MID	FUR	5	1	201	6.6		490	Filippo Castiglione	DEF	VIC	3	3	270	1		490	Jovnna Urujärven	DEF	KKM	2	2	180	8									
																		491	Arthur Kohlberg	DEF	ALE	5	5	450	6.6		491	Antonio Margheriti	MID	VIC	3	3	229	1		491	Virsa Tuttonen	MID	KKM	2	2	163	8									
																		492	Nirrim Biryara	MID	NKI	5	0	144	6.6		492	Marcello La Barca	MID	VIC	3	3	231	1		492	Biel Chuol	DEF	SSA	2	2	180	8									
																		493	Junichiro Tarugara	MID	NKI	5	5	356	6.6		493	Nakoa Kealoha	DEF	AED	3	3	270	1		493	Timur Oorzhak	DEF	RUD	2	2	180	8									
																		494	Eijiro Matsumoto	MID	NKI	5	5	378	6.6		494	Daan Mulder	MID	AED	3	3	270	1		494	Dmitry Belov	DEF	GIA	2	2	180	8									
																		495	Kiyoshi Murandin	MID	NKI	5	5	292	6.6		495	Pono Nainoa	MID	AED	3	3	203	1		495	Phailo Shomponen	DEF	KFK	2	2	180	8									
																		496	Gareth Tipene	GK	ANH	6	6	540	6.6		496	Manu Kawelo	FWD	AED	3	0	113	1		496	Jangir Barwari	DEF	ADV	2	2	180	8									
																		497	Rolf Hoffmann	DEF	ANH	6	6	540	6.6		497	Haku Kahananui	FWD	AED	3	3	173	1		497	Tomas Meka	DEF	AGN	2	2	180	8									
																		498	Manaia Tūhoe	MID	ANH	6	0	155	6.6		498	Eleu Pokipala	FWD	AED	3	3	171	1		498	Abraham Taloikwao	MID	AGN	2	2	149	8									
																		499	Ihor Kovalenko	DEF	SID	6	6	540	6.6		499	Celani Buthelézi	DEF	ASP	3	3	270	1		499	Nathaniel Suifua	MID	AGN	2	2	158	8									
																		500	Taras Bondarenko	MID	SID	6	6	484	6.6		500	Enhle Khumalo	DEF	ASP	3	3	270	1		500	Keanu Hookano	DEF	AED	2	0	84	8									
																		501	Hamad Zahrani	MID	VAR	6	0	177	6.6		501	Lebogang Du Phiri	MID	ASP	3	3	241	1		501	Selpius Rumbekwan	DEF	ASG	2	2	180	8									
																		502	Cristian Costanza	MID	AUR	6	0	227	6.6		502	Bonginkosi Mthembou	FWD	ASP	3	0	63	1		502	Finau Mahoe	MID	AED	2	0	67	8									
																		503	Yoshio Hanazawa	FWD	NHO	7	0	264	6.6		503	Rolihlahla Mbeki	FWD	ASP	3	3	198	1		503	Cayetano Montoya	DEF	AUR	2	0	105	8									
																		504	Kenji Nagase	FWD	NHO	7	7	336	6.6		504	Xiang Qian	DEF	FUR	3	3	151	1		504	Feng Ji	DEF	GUA	3	3	270	8									
																		505	Torbjørn Kvamme	MID	SKJ	7	0	236	6.6		505	Bhupen Narishita	FWD	NHO	3	0	98	1		505	Kordian Wróblewski	MID	COR	3	0	92	8									
																		506	Rostam Khalili	MID	VAR	8	0	296	6.6		506	György Erdős	MID	TUR	3	0	70	1		506	Jahangir Hossain	DEF	AWB	3	3	229	8									
																		507	Ivo Brandão	FWD	AUR	8	0	317	6.6		507	Boaz Ben-Ami	FWD	SHI	3	2	230	1		507	Rubel Munshi	FWD	AWB	3	0	114	8									
																		508	Kombo Kobanda	DEF	VAN	2	2	180	6.5		508	Robert Schlösser	FWD	PON	3	0	63	1		508	Ilaitia Titifanue	MID	ANB	3	3	208	8									
																		509	Bual Ponge	MID	AAD	2	2	180	6.5		509	Zsolt Vadász	FWD	TUR	4	0	98	1		509	Domenico Vivaldi	DEF	VIC	3	3	234	8									
																		510	Giizis Wemigwans	DEF	ATA	2	2	180	6.5		510	Fethi Kateb	MID	ABB	4	4	271	1		510	Daan Mulder	MID	AED	3	3	270	8									
																		511	Joaquim Fonseca	MID	ATA	2	2	145	6.5		511	Koceïla Idir	MID	ABB	4	4	270	1		511	Gerrit Van Leeuwen	DEF	AED	3	3	222	8									
																		512	Vigneswaran Arulampalam	DEF	ARU	2	2	180	6.5		512	Lakhdar Meziane	FWD	ABB	4	4	203	1		512	Daigo Takanashi	DEF	NCH	3	0	119	8									
																		513	Haotian Ha	DEF	AXE	2	2	180	6.5		513	Chérif Guerroudj	FWD	ABB	4	4	231	1		513	Amiya Majumdar	DEF	NHO	3	0	155	8									
																		514	Falakiko Vailala	MID	ENC	2	2	166	6.5		514	Bibhuti Mohapatra	GK	ENR	4	4	360	1		514	Ranjit Mohanty	FWD	ENR	4	0	102	8									
																		515	Odd-Isak Hætta	GK	KKM	2	2	180	6.5		515	Somaru Markam	DEF	ENR	4	4	360	1		515	Odysseas Katsaros	MID	AST	4	0	171	8									
																		516	Virsa Tuttonen	MID	KKM	2	2	163	6.5		516	Fulgens Tirkey	DEF	ENR	4	4	360	1		516	An Thach	MID	ATK	4	0	73	8									
																		517	Gatdet Hoth	MID	SSA	2	2	168	6.5		517	Kailash Rath	DEF	ENR	4	4	360	1		517	Nam Cao	MID	ATK	4	0	91	8									
																		518	Evgeny Makarov	DEF	RUD	2	2	180	6.5		518	Trilochan Khuntia	MID	ENR	4	1	171	1		518	Otene Kereopa	FWD	ANH	5	0	138	8									
																		519	Timur Oorzhak	DEF	RUD	2	2	180	6.5		519	Sanatan Jena	MID	ENR	4	0	59	1		519	Stephanos Ballana	MID	NRG	5	5	333	8									
																		520	Roman Stepanov	DEF	GIA	2	2	180	6.5		520	Madhusudan Patnaik	FWD	ENR	4	4	321	1		520	Laurenz Reinhart	FWD	PON	5	0	132	8									
																		521	Risto Ātlaköneinen	MID	KFK	2	2	142	6.5		521	Ranjit Mohanty	FWD	ENR	4	0	102	1		521	Ning Jiang	FWD	FUR	5	0	169	8									
																		522	Paavo Suursaaren	MID	KFK	2	2	167	6.5		522	Xenophon Samaras	MID	AST	4	0	129	1		522	Horace Peshlakai	FWD	ESU	5	0	221	8									
																		523	Pishoy Djehuty	DEF	KMT	2	2	180	6.5		523	Isidoros Kallergis	MID	AST	4	0	89	1		523	Freek Hendriks	FWD	ESU	5	0	148	8									
																		524	Psote Neferhotep	MID	KMT	2	2	180	6.5		524	Charalambos Angelopoulos	FWD	AST	4	0	133	1		524	Minoru Andō	FWD	NKI	5	0	184	8									
																		525	Azad Doski	DEF	ADV	2	2	180	6.5		525	Dorian Roussel	MID	ARV	4	0	90	1		525	Jatin Sudatta	FWD	NHO	6	0	196	8									
																		526	Hedley Kabutaulaka	DEF	AGN	2	2	180	6.5		526	Asaf Bar-Lev	DEF	SHI	4	4	360	1		526	Nazar Melnyk	DEF	SID	6	6	540	8									
																		527	Manasseh Tanangada	DEF	AGN	2	2	180	6.5		527	Oded Levi	DEF	SHI	4	4	360	1		527	Ashim Bhattacharya	GK	NHO	7	7	630	8									
																		528	Benaiah Taupongi	MID	AGN	2	2	171	6.5		528	Uriel Mazor	MID	SHI	4	0	100	1		528	Mehran Shahi	MID	VAR	9	0	298	8									
																		529	Agustinus Klafle	MID	ASG	2	2	180	6.5		529	Toghrul Bakhshiyev	DEF	AEK	4	4	360	1		529	Antü Millahual	DEF	AKG	1	0	35	7									
																		530	Warren Marshall	DEF	ELV	3	3	270	6.5		530	Armand Delaunay	MID	AEK	4	0	67	1		530	Emilio Escalona	DEF	HOL	1	1	90	7									
																		531	Jabari Hess	DEF	ELV	3	3	270	6.5		531	Rashad Verdiyev	MID	AEK	4	4	321	1		531	Rufin Yakété	DEF	VAN	2	2	180	7									
																		532	Ousman Jalo	MID	ACS	3	3	246	6.5		532	Sulá Bikakö	DEF	NMZ	4	4	360	1		532	Gennaro Mancini	DEF	VAN	2	2	180	7									
																		533	Rachid Benchekroun	DEF	AEM	3	3	270	6.5		533	Ditsö Nakí	MID	NMZ	4	4	257	1		533	Pacôme Guébré	MID	VAN	2	2	156	7									
																		534	Augustin Moreau	DEF	ANB	3	3	270	6.5		534	Juní Börá	FWD	NMZ	4	4	201	1		534	Mateus Herrera	DEF	ATA	2	2	164	7									
																		535	Oskar Berger	MID	AKN	3	3	254	6.5		535	Ignatiy Gromoff	DEF	MOR	4	4	355	1		535	Kasun Gunawardena	DEF	ARU	2	2	167	7									
																		536	Antonio Margheriti	MID	VIC	3	3	229	6.5		536	Spiridon Krukoff	DEF	MOR	4	4	352	1		536	Bilguun Bat-Erdene	GK	AXE	2	2	180	7									
																		537	Pono Nainoa	MID	AED	3	3	203	6.5		537	Ladislav Kučera	DEF	POL	4	4	273	1		537	Yingjie Ma	DEF	AXE	2	2	180	7									
																		538	Kailash Rath	DEF	ENR	4	4	360	6.5		538	Svatopluk Veselý	MID	POL	4	4	330	1		538	Kaiwen Ding	FWD	AXE	2	2	144	7									
																		539	Nilambar Senapati	FWD	ENR	4	4	258	6.5		539	Radim Vohánka	MID	POL	4	4	343	1		539	Nidoïsh Naisseline	MID	ENC	2	2	178	7									
																		540	Vlasios Nikolaou	DEF	AST	4	4	360	6.5		540	Jenő Szántó	FWD	GUP	4	0	77	1		540	Poindi Kabar	MID	ENC	2	2	119	7									
																		541	Tomer Mizrahi	DEF	SHI	4	4	360	6.5		541	Lehel Balogh	MID	GUP	4	4	288	1		541	Evgeny Makarov	DEF	RUD	2	2	180	7									
																		542	Ashot Aghababyan	DEF	AEK	4	4	360	6.5		542	Nam Cao	MID	ATK	4	0	91	1		542	Denis Kuznetsov	FWD	RUD	2	2	164	7									
																		543	Vahagn Manukyan	DEF	AEK	4	4	360	6.5		543	Thinh Dang	MID	ATK	4	4	222	1		543	Anton Orlov	DEF	GIA	2	2	180	7									
																		544	Carnig Chalikyan	FWD	AEK	4	4	277	6.5		544	Boqin Xie	MID	FUR	4	0	112	1		544	Andres Raivo	GK	KFK	2	2	180	7									
																		545	Ditsö Nakí	MID	NMZ	4	4	257	6.5		545	Junwei Shen	DEF	FUR	4	2	265	1		545	Sagip Gatmaitan	DEF	SGD	2	2	180	7									
																		546	Dorofei Lestenkof	FWD	MOR	4	4	360	6.5		546	Gerben Verhoeven	DEF	AKG	5	5	443	1		546	Claude Lemaitre	DEF	ARV	2	0	72	7									
																		547	Přemysl Kratochvíl	DEF	POL	4	4	331	6.5		547	Coyam Cayupán	DEF	AKG	5	5	415	1		547	Ondřej Černý	MID	ALE	2	2	137	7									
																		548	Ritupon Gogoi	DEF	GUP	4	4	360	6.5		548	Inti Loncón	FWD	AKG	5	5	290	1		548	Gyan Hansda	MID	ENR	3	3	169	7									
																		549	Kalidurut Bishoy	DEF	NRG	4	0	150	6.5		549	Hugo Saint-Laurent	DEF	ARV	5	5	362	1		549	Jabari Hess	DEF	ELV	3	3	270	7									
																		550	Justus Hermann	DEF	LVO	4	4	360	6.5		550	Cooper Saint John	DEF	SAL	5	5	450	1		550	Gunner Cannon	MID	ELV	3	3	258	7									
																		551	Gerben Verhoeven	DEF	AKG	5	5	443	6.5		551	Micah Overstreet	MID	SAL	5	0	158	1		551	Nuhu Maina	MID	ACS	3	3	199	7									
																		552	Namuncura Lienlaf	MID	AKG	5	0	165	6.5		552	Josiah Halloway	DEF	SAL	5	5	410	1		552	Changming Zhao	MID	GUA	3	3	227	7									
																		553	Matías Salcedo	FWD	ASK	5	5	335	6.5		553	Elijah Tanner	MID	SAL	5	5	333	1		553	Liakat Chowdhury	DEF	AWB	3	3	270	7									
																		554	Damianos Faragab	MID	NRG	5	5	352	6.5		554	Kurt Mueller	DEF	ANH	5	5	380	1		554	Enamul Islam	DEF	AWB	3	3	270	7									
																		555	Yang Chen	GK	FUR	5	5	450	6.5		555	Oriol Montagut	DEF	ASK	5	5	450	1		555	Zamir Peled	MID	SHI	3	0	76	7									
																		556	Vito Moretti	MID	ESU	5	0	145	6.5		556	Rodrigo Alvarenga	DEF	ASK	5	5	450	1		556	Othmane El Fassi	MID	AEM	3	3	171	7									
																		557	Florian Van Can	FWD	ALE	5	5	307	6.5		557	Matías Salcedo	FWD	ASK	5	5	335	1		557	Khalil Alami	MID	AEM	3	3	239	7									
																		558	Ferdinand Dumas	MID	ARV	6	6	371	6.5		558	Tadros Sonqi	MID	NRG	5	0	211	1		558	Makar Kulikov	MID	PER	3	3	270	7									
																		559	Sigmund Reindl	FWD	ANH	6	0	216	6.5		559	Butros Sedhom	FWD	NRG	5	0	172	1		559	Alimjan Turghun	FWD	PER	3	3	179	7									
																		560	Darven Miçkas	FWD	SEL	6	0	200	6.5		560	Tilman Zartmann	DEF	PON	5	5	403	1		560	Fedor Frolov	FWD	PER	3	3	206	7									
																		561	Haydar Şen	FWD	SEL	6	6	340	6.5		561	Ephraim Snyder	DEF	PON	5	5	450	1		561	Oskar Berger	MID	AKN	3	3	254	7									
																		562	Ivan Kenderic	DEF	SID	6	6	512	6.5		562	Yicheng Tan	MID	FUR	5	0	157	1		562	Raphael Simet	FWD	AKN	3	3	164	7									
																		563	Nazar Melnyk	DEF	SID	6	6	540	6.5		563	Alton Begay	DEF	ESU	5	5	450	1		563	Salvatore Romano	MID	VIC	3	0	95	7									
																		564	Fabián Machado	FWD	HOL	6	0	250	6.5		564	Freek Hendriks	FWD	ESU	5	0	148	1		564	Antonio Margheriti	MID	VIC	3	3	229	7									
																		565	Vidi Sastrowardoyo	MID	CAH	6	6	540	6.5		565	Peter Selhorst	FWD	ESU	5	0	166	1		565	Hakim Zerguine	MID	ABB	4	0	149	7									
																		566	Haripada Bagchi	MID	NHO	7	0	254	6.5		566	Thor Andresen	FWD	ALE	5	5	301	1		566	Koceïla Idir	MID	ABB	4	4	270	7									
																		567	Henrik Kristianson	FWD	SKJ	7	7	488	6.5		567	Dural Tanumura	GK	NKI	5	5	450	1		567	Kailash Rath	DEF	ENR	4	4	360	7									
																		568	Arcadio Villa	FWD	AUR	8	0	388	6.5		568	Warrik Wirandaru	DEF	NKI	5	5	450	1		568	Madhusudan Patnaik	FWD	ENR	4	4	321	7									
																		569	Ennio Amato	DEF	VAN	2	2	180	6.5		569	Nirrim Biryara	MID	NKI	5	0	144	1		569	Julian Patrick	MID	ENR	4	4	244	7									
																		570	Aandeg Debaasige	GK	ATA	2	2	180	6.5		570	Mattieu Donnadieu	DEF	ARV	6	6	513	1		570	Atiqtalik Ahmaogak	GK	MOR	4	4	360	7									
																		571	Bilguun Bat-Erdene	GK	AXE	2	2	180	6.5		571	Hadrien Deschamps	DEF	ARV	6	6	540	1		571	Telmo Candeias	MID	ASK	4	4	229	7									
																		572	Dambiin Dorzhiev	DEF	AXE	2	2	180	6.5		572	Ferdinand Dumas	MID	ARV	6	6	371	1		572	Pirmin Hoffmeister	MID	PON	4	0	82	7									
																		573	Uziel Katz	MID	SSA	2	2	149	6.5		573	Fraser Te Rangi	DEF	ANH	6	6	540	1		573	Namuncura Lienlaf	MID	AKG	5	0	165	7									
																		574	Matvei Popov	DEF	RUD	2	2	140	6.5		574	Ivan Kenderic	DEF	SID	6	6	512	1		574	Inti Loncón	FWD	AKG	5	5	290	7									
																		575	Igor Novikov	MID	RUD	2	2	136	6.5		575	Yurii Zahrebelny	DEF	SID	6	6	540	1		575	Mangin Tripailaf	MID	AKG	5	5	382	7									
																		576	Phailo Shomponen	DEF	KFK	2	2	180	6.5		576	Ihor Kovalenko	DEF	SID	6	6	540	1		576	Esteban Palomer	MID	ARV	6	0	169	7									
																		577	Taiwin Pacaka	DEF	KFK	2	2	180	6.5		577	Nazar Melnyk	DEF	SID	6	6	540	1		577	Ivan Kenderic	DEF	SID	6	6	512	7									
																		578	Papnoute Kenamun	DEF	KMT	2	2	180	6.5		578	Tomás Uzcátegui	DEF	HOL	6	6	540	1		578	Artem Tkachenko	FWD	SID	6	6	518	7									
																		579	Tadhana Batumbakal	DEF	SGD	2	2	180	6.5		579	Ambrose Pickett	MID	HOL	6	0	226	1		579	Hamad Zahrani	MID	VAR	6	0	177	7									
																		580	Yustus Tekege	MID	ASG	2	2	180	6.5		580	Fabián Machado	FWD	HOL	6	0	250	1		580	Cristian Costanza	MID	AUR	6	0	227	7									
																		581	Ondřej Černý	MID	ALE	2	2	137	6.5		581	Walter Thurmund III	MID	HOL	6	6	333	1		581	Joar Berglund	MID	SKJ	7	0	141	7									
																		582	Édouard Fontaine	MID	ACS	3	3	265	6.5		582	Teguh Setiawan	DEF	CAH	6	6	540	1		582	Rasmus Karlssen	FWD	SKJ	7	0	185	7									
																		583	Garba Magaji	FWD	ACS	3	3	234	6.5		583	Bagus Hartono	MID	CAH	6	0	131	1		583	Rostam Khalili	MID	VAR	8	0	296	7									
																		584	Enamul Islam	DEF	AWB	3	3	270	6.5		584	Nyoman Suarjana	FWD	CAH	6	0	157	1		584	Vahid Lorestani	GK	VAR	9	9	810	7									
																		585	Badr Chraibi	DEF	AEM	3	3	270	6.5		585	Cyprian Kulleh	FWD	CAH	6	0	147	1		585	Sohrab Bozorgi	DEF	VAR	1	0	62	6									
																		586	Ildefonso Morón	FWD	AEM	3	3	270	6.5		586	Olof Sjöberg	DEF	SKJ	6	6	515	1		586	Carmelo Bienvenida	DEF	AUR	1	0	54	6									
																		587	Othmane El Fassi	MID	AEM	3	3	171	6.5		587	Haraldur Ólafsson	DEF	SKJ	7	7	630	1		587	Biidaaban Manitowabi	FWD	ATA	2	2	180	6									
																		588	Rajesh Narayan	FWD	ANB	3	3	159	6.5											588	Senthil Thiruvengadam	DEF	ARU	2	2	180	6									
																		589	Napolioni Tikoisuva	MID	ANB	3	3	249	6.5											589	Haotian Ha	DEF	AXE	2	2	180	6									
																		590	Heikki Kovalainen	DEF	KAR	3	3	270	6.5											590	Galsan Badmaev	MID	AXE	2	2	130	6									
																		591	Ohttola Sillaste	DEF	KAR	3	3	270	6.5											591	Hamish Urquhart	FWD	ENC	2	0	59	6									
																		592	Paavo Seppälä	DEF	KAR	3	3	270	6.5											592	Kasi Hnamano	DEF	ENC	2	2	150	6									
																		593	Raphael Simet	FWD	AKN	3	3	164	6.5											593	Yuri Bogdanov	MID	GIA	2	0	76	6									
																		594	Silas Vatom	MID	AKN	3	3	177	6.5											594	Timur Iskanderov	MID	GIA	2	2	99	6									
																		595	Manasseh Tamate	MID	AKN	3	3	214	6.5											595	Nikolai Lebedev	MID	GIA	2	2	113	6									
																		596	Nakoa Kealoha	DEF	AED	3	3	270	6.5											596	Sarapamon Nakhtmin	FWD	KMT	2	2	122	6									
																		597	Daan Mulder	MID	AED	3	3	270	6.5											597	Neçirvan Barzani	FWD	ADV	2	2	180	6									
																		598	Gerrit Van Leeuwen	DEF	AED	3	3	222	6.5											598	Benaiah Taupongi	MID	AGN	2	2	171	6									
																		599	Enhle Khumalo	DEF	ASP	3	3	270	6.5											599	Joost Brouwer	DEF	ASG	2	2	180	6									
																		600	Ouahid Rahmani	MID	ABB	4	4	285	6.5											600	Pieter Van Dam	MID	ASG	2	2	153	6									
																		601	Fulgens Tirkey	DEF	ENR	4	4	360	6.5											601	Kieran Frost	MID	ELV	3	0	69	6									
																		602	Kleanthis Paleologos	DEF	AST	4	4	360	6.5											602	Harry Caine	FWD	ELV	3	3	167	6									
																		603	Yonatan Cohen	GK	SHI	4	4	360	6.5											603	Nasiru Kaura	FWD	ACS	3	0	125	6									
																		604	Juní Börá	FWD	NMZ	4	4	201	6.5											604	Kabiru Mainasara	FWD	ACS	3	3	159	6									
																		605	Telmo Candeias	MID	ASK	4	4	229	6.5											605	Garba Magaji	FWD	ACS	3	3	234	6									
																		606	Matěj Skočdopole	DEF	POL	4	4	360	6.5											606	Lingyun Hao	MID	GUA	3	3	270	6									
																		607	Swrang Narzary	DEF	GUP	4	4	360	6.5											607	Chenguang Pei	FWD	GUA	3	3	270	6									
																		608	Inti Loncón	FWD	AKG	5	5	290	6.5											608	Rachid Benchekroun	DEF	AEM	3	3	270	6									
																		609	Mangin Tripailaf	MID	AKG	5	5	382	6.5											609	Josefa Gonelevu	GK	ANB	3	3	270	6									
																		610	Antonio Sangüesa	MID	ASK	5	1	164	6.5											610	Heikki Kovalainen	DEF	KAR	3	3	270	6									
																		611	Stephanos Ballana	MID	NRG	5	5	333	6.5											611	Tim Pukki	FWD	KAR	3	3	181	6									
																		612	Yicheng Tan	MID	FUR	5	0	157	6.5											612	Zbyněk Bezruč	MID	POL	3	3	215	6									
																		613	Freek Hendriks	FWD	ESU	5	0	148	6.5											613	Notini Tikana	GK	AKN	3	3	270	6									
																		614	Peter Selhorst	FWD	ESU	5	0	166	6.5											614	Silas Vatom	MID	AKN	3	3	177	6									
																		615	Silvio Caruso	MID	ESU	5	5	313	6.5											615	Manasseh Tamate	MID	AKN	3	3	214	6									
																		616	Petr Procházka	FWD	ALE	5	0	169	6.5											616	Raffaele Lucchese	FWD	VIC	3	3	270	6									
																		617	Matthias Becker	MID	ANH	6	6	398	6.5											617	Haku Kahananui	FWD	AED	3	3	173	6									
																		618	Yopie Runtuwene	FWD	CAH	6	0	179	6.5											618	Bhupen Narishita	FWD	NHO	3	0	98	6									
																		619	Narcisse Nakombo	MID	VAN	2	2	162	6.4											619	Niall Kinsella	FWD	SKJ	3	0	88	6									
																		620	Jovnna Urujärven	DEF	KKM	2	2	180	6.4											620	Elemér Lakóczy	MID	TUR	4	0	81	6									
																		621	Vīren Chōna	MID	KFK	2	2	160	6.4											621	Zsolt Vadász	FWD	TUR	4	0	98	6									
																		622	Pakhom Userhat	DEF	KMT	2	2	180	6.4											622	Trilochan Khuntia	MID	ENR	4	1	171	6									
																		623	Ghaith Musawi	DEF	ADV	2	1	166	6.4											623	Kleanthis Paleologos	DEF	AST	4	4	360	6									
																		624	Kamal Rahman	GK	AWB	3	3	270	6.4											624	Yishai Galili	MID	SHI	4	0	133	6									
																		625	Montasir El Andaloussi	DEF	AEM	3	3	270	6.4											625	Bastien Shengelia	FWD	AEK	4	4	356	6									
																		626	Heliodoro Medina	DEF	AEM	3	3	270	6.4											626	Juní Börá	FWD	NMZ	4	4	201	6									
																		627	Sitiveni Seruvakula	DEF	ANB	3	3	270	6.4											627	Jakub Svoboda	GK	POL	4	4	360	6									
																		628	Kaiwi Kanakaole	GK	AED	3	3	270	6.4											628	Karel Černý	FWD	POL	4	4	316	6									
																		629	Ulu Piipiilani	MID	AED	3	3	249	6.4											629	Marcel Huỳnh	MID	ATK	4	0	118	6									
																		630	Gusztáv Molnár	DEF	GUP	4	4	360	6.4											630	Ezekiel Bridger	DEF	SAL	5	0	92	6									
																		631	Josiah Halloway	DEF	SAL	5	5	410	6.4											631	Micah Overstreet	MID	SAL	5	0	158	6									
																		632	Cyprian Kulleh	FWD	CAH	6	0	147	6.4											632	Íker Olabarría	MID	ASK	5	1	224	6									
																		633	Gennaro Mancini	DEF	VAN	2	2	180	6.3											633	Ruben Sihombing	MID	CAH	5	0	105	6									
																		634	Jiří Fischer	MID	AAD	2	2	180	6.3											634	Damianos Faragab	MID	NRG	5	5	352	6									
																		635	Nergüi Chimeddorj	DEF	AXE	2	2	176	6.3											635	Dirk Platz	FWD	ALE	5	0	154	6									
																		636	Soane Lagivaka	DEF	ENC	2	2	180	6.3											636	Nirrim Biryara	MID	NKI	5	0	144	6									
																		637	Nidoïsh Naisseline	MID	ENC	2	2	178	6.3											637	Manaia Tūhoe	MID	ANH	6	0	155	6									
																		638	Semyon Volkov	GK	GIA	2	2	180	6.3											638	Zhalek Cheremesinoff	MID	SID	6	0	173	6									
																		639	Joseph Nanau	GK	AGN	2	2	180	6.3											639	Nyoman Suarjana	FWD	CAH	6	0	157	6									
																		640	Neles Wanimbo	MID	ASG	2	2	180	6.3											640	Cyprian Kulleh	FWD	CAH	6	0	147	6									
																		641	Eliezer Desap	MID	ASG	2	2	180	6.3											641	Yopie Runtuwene	FWD	CAH	6	0	179	6									
																		642	Pieter Van Dam	MID	ASG	2	2	153	6.3											642	Haripada Bagchi	MID	NHO	7	0	254	6									
																		643	Jordan Stanford	GK	ELV	3	3	270	6.3											643	Emidio Lombardi	MID	VAN	2	0	56	5									
																		644	Nuhu Maina	MID	ACS	3	3	199	6.3											644	Giizis Wemigwans	DEF	ATA	2	2	180	5									
																		645	Yuan Li	DEF	GUA	3	3	270	6.3											645	Niibin Nadjiwon	FWD	ATA	2	2	127	5									
																		646	Kacper Dembiński	FWD	COR	3	3	153	6.3											646	Joaquim Fonseca	MID	ATA	2	2	145	5									
																		647	Fedor Frolov	FWD	PER	3	3	206	6.3											647	Ézéchiel Tein	MID	ENC	2	0	65	5									
																		648	Olwethu Makhanya	FWD	ASP	3	3	189	6.3											648	Falakiko Vailala	MID	ENC	2	2	166	5									
																		649	Boaz Ben-Ami	FWD	SHI	3	2	230	6.3											649	Ramsay Sutherland	MID	ENC	2	2	180	5									
																		650	Sofiane Mansouri	FWD	ABB	4	4	214	6.3											650	Lemet Vesijärven	MID	KKM	2	2	141	5									
																		651	Levi Kignak	FWD	MOR	4	4	252	6.3											651	Veikko Turkunen	FWD	KKM	2	2	139	5									
																		652	Otene Kereopa	FWD	ANH	5	0	138	6.3											652	Duol Akol	GK	SSA	2	2	180	5									
																		653	Jesus Halconero	FWD	ASK	5	0	152	6.3											653	Tong Tikima	DEF	SSA	2	2	180	5									
																		654	Butros Sedhom	FWD	NRG	5	0	172	6.3											654	Gatdet Hoth	MID	SSA	2	2	168	5									
																		655	Liam Bopp	DEF	PON	5	5	346	6.3											655	Paavo Suursaaren	MID	KFK	2	2	167	5									
																		656	Dirk Platz	FWD	ALE	5	0	154	6.3											656	Papnoute Kenamun	DEF	KMT	2	2	180	5									
																		657	Minoru Andō	FWD	NKI	5	0	184	6.3											657	Menas Wennefer	MID	KMT	2	0	40	5									
																		658	Nyilan Shikishima	FWD	NKI	5	0	155	6.3											658	Tadros Amenemhat	MID	KMT	2	2	117	5									
																		659	Raka Wijaya	GK	CAH	6	6	540	6.3											659	Viktor Kohlmann	MID	ADV	2	2	176	5									
																		660	Severino Guzmán	FWD	AUR	6	0	228	6.3											660	Buwi Calang	FWD	SGD	2	0	61	5									
																		661	Pradip Chowdhury	FWD	NHO	7	0	337	6.3											661	Manasseh Tanangada	DEF	AGN	2	2	180	5									
																		662	Rasmus Karlssen	FWD	SKJ	7	0	185	6.3											662	Saša Radović	GK	TUR	2	2	180	5									
																		663	Rufin Yakété	DEF	VAN	2	2	180	6.3											663	Édouard Fontaine	MID	ACS	3	3	265	5									
																		664	Sámmol Krusinen	DEF	KKM	2	2	180	6.3											664	Yakubu Dattijo	FWD	ACS	3	3	150	5									
																		665	Biera Tuuliparänen	DEF	KKM	2	2	158	6.3											665	Zixuan Wang	GK	GUA	3	3	270	5									
																		666	Tong Tikima	DEF	SSA	2	2	180	6.3											666	Weilin Fu	MID	GUA	3	0	61	5									
																		667	Selpius Rumbekwan	DEF	ASG	2	2	180	6.3											667	Kacper Dembiński	FWD	COR	3	3	153	5									
																		668	Yakubu Dattijo	FWD	ACS	3	3	150	6.3											668	Chanchal Ahmed	DEF	AWB	3	3	270	5									
																		669	Titus Turuk	DEF	AKN	3	3	225	6.3											669	Sevastyan Roshchin	FWD	PER	3	0	91	5									
																		670	Hamza Benali	GK	ABB	4	4	360	6.3											670	Napolioni Tikoisuva	MID	ANB	3	3	249	5									
																		671	Madhusudan Patnaik	FWD	ENR	4	4	321	6.3											671	Attila D'Ambrosi	DEF	VIC	3	3	270	5									
																		672	Karel Černý	FWD	POL	4	4	316	6.3											672	Pitso Modisé	MID	ASP	3	0	112	5									
																		673	Darsing Teron	FWD	GUP	4	4	283	6.3											673	Olwethu Makhanya	FWD	ASP	3	3	189	5									
																		674	Jatin Sudatta	FWD	NHO	6	0	196	6.3											674	Robert Schlösser	FWD	PON	3	0	63	5									
																		675	Feodor Kulanen	MID	KKM	2	2	135	6.2											675	Gaston Fabre	MID	ABB	4	0	123	5									
																		676	Denis Kuznetsov	FWD	RUD	2	2	164	6.2											676	Bibhuti Mohapatra	GK	ENR	4	4	360	5									
																		677	Shenoute Nebamun	GK	KMT	2	2	180	6.2											677	Nikolaos Papadopoulos	GK	AST	4	4	360	5									
																		678	Xebat Hawrami	FWD	ADV	2	2	138	6.2											678	Yonatan Cohen	GK	SHI	4	4	360	5									
																		679	Joost Brouwer	DEF	ASG	2	2	180	6.2											679	Elkana Rotem	MID	SHI	4	0	90	5									
																		680	Alimjan Turghun	FWD	PER	3	3	179	6.2											680	Uriel Mazor	MID	SHI	4	0	100	5									
																		681	Eleu Pokipala	FWD	AED	3	3	171	6.2											681	Nikoloz Nadaraia	GK	AEK	4	4	360	5									
																		682	Lakhdar Meziane	FWD	ABB	4	4	203	6.2											682	Rashad Verdiyev	MID	AEK	4	4	321	5									
																		683	Chérif Guerroudj	FWD	ABB	4	4	231	6.2											683	Talí Sabákö	MID	NMZ	4	0	131	5									
																		684	Cyrus Winslow	FWD	SAL	5	5	341	6.2											684	Aput Anagick	DEF	MOR	4	0	75	5									
																		685	Reuben Mendoza	DEF	HOL	5	5	361	6.2											685	Yakov Galaktionoff	MID	MOR	4	0	113	5									
																		686	Ning Jiang	FWD	FUR	5	0	169	6.2											686	Kalidurut Bishoy	DEF	NRG	4	0	150	5									
																		687	Elias Totanange	DEF	AAD	2	2	180	6.1											687	Reinhold Von Ungern	MID	LVO	4	0	93	5									
																		688	Gustav Sedláček	MID	AAD	2	2	149	6.1											688	Toki Quilaqueo	MID	AKG	5	0	109	5									
																		689	Khumba Chari	FWD	AAD	2	2	156	6.1											689	Piers Skoronsky	GK	SAL	5	5	450	5									
																		690	Biel Chuol	DEF	SSA	2	2	180	6.1											690	Ephraim Bayliss	MID	SAL	5	0	89	5									
																		691	Dōren Lâchūaton	FWD	KFK	2	2	180	6.1											691	Antonio Sangüesa	MID	ASK	5	1	164	5									
																		692	Kerem Janabi	GK	ADV	2	2	180	6.1											692	Moüses Kyrillos	FWD	NRG	5	5	278	5									
																		693	Haku Kahananui	FWD	AED	3	3	173	6.1											693	Conan Neitzel	MID	PON	5	0	131	5									
																		694	Valery Polyakov	FWD	GIA	2	2	180	6.1											694	Yang Chen	GK	FUR	5	5	450	5									
																		695	Catmon Nacpil	FWD	SGD	2	2	180	6.1											695	Fabien Blanchet	GK	ARV	6	6	540	5									
																		696	Jabulani Dlamini	GK	ASP	3	3	270	6.1											696	Gareth Tipene	GK	ANH	6	6	540	5									
																		697	Mahamat Ngaradoumbé	DEF	VAN	2	2	180	6.0											697	Bagus Hartono	MID	CAH	6	0	131	5									
																		698	Pacôme Guébré	MID	VAN	2	2	156	6.0											698	Magnus Andersson	GK	SKJ	7	7	630	5									
																		699	Doh Paw	MID	AAD	2	2	180	6.0											699	Yengo Yaka	FWD	ENC	1	0	30	4									
																		700	Dhanushkodi Thuraisingam	FWD	ARU	2	2	180	6.0											700	Porona Simpansen	DEF	KKM	1	0	22	4									
																		701	Enkhbold Tsendbaatar	FWD	AXE	2	2	147	6.0											701	Vsevolod Krestovsky	DEF	RUD	1	0	40	4									
																		702	William Bwemara	GK	ENC	2	2	180	6.0											702	Kaspar Tokori	DEF	AKN	1	0	45	4									
																		703	Veikko Turkunen	FWD	KKM	2	2	139	6.0											703	Neizan Escribano	MID	AUR	1	0	25	4									
																		704	Atem Madut	DEF	SSA	2	2	180	6.0											704	Ottó Varga	MID	POL	1	1	83	4									
																		705	Tomas Meka	DEF	AGN	2	2	180	6.0											705	Armin Dieffenbach	MID	ANH	1	0	36	4									
																		706	Armand Picard	FWD	ABB	4	0	135	6.0											706	Francisco Alameda	DEF	ASK	1	0	20	4									
																		707	Iraklis Christodoulou	FWD	AST	4	4	175	6.0											707	Mahamat Ngaradoumbé	DEF	VAN	2	2	180	4									
																		708	Kaiwen Ding	FWD	AXE	2	2	144	5.9											708	Pau Atong	DEF	AAD	2	2	180	4									
																		709	Saw Htoo	DEF	AAD	2	2	180	5.9											709	Jiří Fischer	MID	AAD	2	2	180	4									
																		710	Pau Atong	DEF	AAD	2	2	180	5.9											710	Khumba Chari	FWD	AAD	2	2	156	4									
																		711	Noren Apngan	DEF	KFK	2	2	180	5.9											711	Aandeg Debaasige	GK	ATA	2	2	180	4									
																		712	Engalo Samāyan	DEF	KFK	2	2	180	5.9											712	Keesic Nottaway	MID	ATA	2	2	125	4									
																		713	Wolfgang Steinberg	FWD	AGN	2	2	169	5.9											713	Elwood Wagamese	MID	ATA	2	2	144	4									
																		714	Herman Kogoya	GK	ASG	2	2	180	5.9											714	Vigneswaran Arulampalam	DEF	ARU	2	2	180	4									
																		715	Isak Wetipo	DEF	ASG	2	2	180	5.9											715	Jagan Krishnamurthy	MID	ARU	2	1	106	4									
																		716	Abdoulaye Maïna	FWD	VAN	2	2	180	5.8											716	Nergüi Chimeddorj	DEF	AXE	2	2	176	4									
																		717	Andres Raivo	GK	KFK	2	2	180	5.8											717	Tsogt Gantulga	MID	AXE	2	2	132	4									
																		718	Rolihlahla Mbeki	FWD	ASP	3	3	198	5.8											718	Douglas MacKenzie	DEF	ENC	2	2	180	4									
																		719	Yingjie Ma	DEF	AXE	2	2	180	5.7											719	Jobi Paoume	FWD	ENC	2	2	131	4									
																		720	Dominggus Imbiri	FWD	ASG	2	2	150	5.7											720	Piera Amarainen	MID	KKM	2	2	133	4									
																		721	Kabiru Mainasara	FWD	ACS	3	3	159	5.7											721	Biera Tuuliparänen	DEF	KKM	2	2	158	4									
																		722	Matouš Beneš	DEF	AAD	2	2	180	5.7											722	Ngor Thon	MID	SSA	2	2	145	4									
																		723	Festo Gbaduma	FWD	SSA	2	2	153	5.7											723	Gilad Dahan	FWD	SHI	2	2	130	4									
																		724	Nayuka Patchila	GK	AAD	2	2	180	5.5											724	Milan Ivanov	MID	RUD	2	0	45	4									
																		725	Philemon Iroga	FWD	AGN	2	2	139	5.5											725	Semyon Volkov	GK	GIA	2	2	180	4									
																		726	Duol Akol	GK	SSA	2	2	180	5.5											726	Gleb Vorontsov	MID	GIA	2	0	84	4									
																		727	Comlan Gbanou	GK	VAN	2	2	180	5.4											727	Valery Polyakov	FWD	GIA	2	2	180	4									
																		728	Bienvenu Wongo	FWD	VAN	2	2	146	5.2											728	Noren Apngan	DEF	KFK	2	2	180	4									
																		729	Nikhil Chatterjee	DEF	NHO	1	0	49	7.8											729	Engalo Samāyan	DEF	KFK	2	2	180	4									
																		730	Ilya Morozov	MID	GIA	2	2	117	7.7											730	Nurlan Zhakupov	MID	PER	2	0	97	4									
																		731	Zhaawan Commanda	FWD	ATA	2	0	53	7.5											731	Azad Doski	DEF	ADV	2	2	180	4									
																		732	Gijs Dreesens	MID	ALE	3	3	134	7.5											732	Ghaith Musawi	DEF	ADV	2	1	166	4									
																		733	Emilio Escalona	DEF	HOL	1	1	90	7.3											733	Xebat Hawrami	FWD	ADV	2	2	138	4									
																		734	Arman Dosmukhamed	DEF	PER	2	0	81	7.2											734	Yaqub Ghattas	MID	ADV	2	2	157	4									
																		735	Makisig Liwanag	MID	SGD	2	2	120	7.2											735	Renzo Agbayani	GK	SGD	2	2	180	4									
																		736	Finau Mahoe	MID	AED	2	0	67	7.2											736	Kidlat Yabut	MID	SGD	2	0	45	4									
																		737	Woldemar Wrangell	FWD	LVO	2	0	74	7.2											737	Dakila Magsino Bulanhagui	MID	SGD	2	0	40	4									
																		738	Kieran Frost	MID	ELV	3	0	69	7.1											738	Isak Wetipo	DEF	ASG	2	2	180	4									
																		739	Maxim Fedorov	DEF	GIA	2	2	134	7.1											739	Agustinus Klafle	MID	ASG	2	2	180	4									
																		740	Laurenz Reinhart	FWD	PON	5	0	132	7.1											740	Yustus Tekege	MID	ASG	2	2	180	4									
																		741	Ogimaa Panadis	MID	ATA	1	0	36	7.1											741	Woldemar Wrangell	FWD	LVO	2	0	74	4									
																		742	Hiraya Halili	MID	SGD	2	2	123	7.1											742	Arthur Whitmore	MID	ELV	3	0	83	4									
																		743	Kökta Saare	FWD	KAR	3	0	85	7.1											743	Rabi'u Ingawa	MID	ACS	3	0	72	4									
																		744	Soumitro Ganguly	MID	NHO	1	0	30	7.0											744	Yuan Li	DEF	GUA	3	3	270	4									
																		745	Poindi Kabar	MID	ENC	2	2	119	7.0											745	Witold Ostrowski	FWD	COR	3	0	109	4									
																		746	Charalambos Angelopoulos	FWD	AST	4	0	133	7.0											746	Miłosz Zawadzki	FWD	COR	3	3	270	4									
																		747	Yuxuan Cui	FWD	GUA	3	0	114	7.0											747	Lachlan Ihimaera	MID	ANH	3	0	76	4									
																		748	Kuzma Zvezdinsky	MID	RUD	2	2	131	7.0											748	Platon Denisov	FWD	PER	3	0	64	4									
																		749	Gleb Vorontsov	MID	GIA	2	0	84	7.0											749	Viliame Latianara	FWD	ANB	3	3	193	4									
																		750	Daigo Takanashi	DEF	NCH	3	0	119	7.0											750	Epeli Leweniqila	MID	ANB	3	3	204	4									
																		751	Cayetano Montoya	DEF	AUR	2	0	105	7.0											751	Paavo Seppälä	DEF	KAR	3	3	270	4									
																		752	Panas Hrabovsky	FWD	SID	1	0	22	7.0											752	Anton Kaasik	MID	KAR	3	0	63	4									
																		753	Arkady Shuisky	DEF	GIA	1	0	46	6.9											753	Iilmari Torjalasten	MID	KAR	3	0	82	4									
																		754	Platon Denisov	FWD	PER	3	0	64	6.9											754	Peter Warota	MID	AKN	3	0	58	4									
																		755	Roððo Duongi	FWD	KAR	3	0	77	6.9											755	Benedict To Warai	FWD	AKN	3	0	106	4									
																		756	Berat Çankaya	MID	SEL	1	0	12	6.9											756	Martino Marrese	MID	VIC	3	0	45	4									
																		757	Antü Millahual	DEF	AKG	1	0	35	6.9											757	Ulu Piipiilani	MID	AED	3	3	249	4									
																		758	Oviyan Venkataraman	MID	ARU	2	2	132	6.9											758	Lono Kekoa	FWD	AED	3	3	200	4									
																		759	Ranjit Mohanty	FWD	ENR	4	0	102	6.9											759	Boaz Ben-Ami	FWD	SHI	3	2	230	4									
																		760	Arthur Whitmore	MID	ELV	3	0	83	6.9											760	Zeki Nari̇n	MID	SEL	3	0	71	4									
																		761	Elkana Rotem	MID	SHI	4	0	90	6.9											761	Balázs Jaminai	MID	TUR	4	0	165	4									
																		762	Boris Vinogradov	MID	GIA	2	2	134	6.9											762	Armand Picard	FWD	ABB	4	0	135	4									
																		763	Pisenti Ramose	MID	KMT	2	2	134	6.9											763	Bhagaban Pradhan	MID	ENR	4	0	175	4									
																		764	Nathanael Custer	DEF	PON	2	0	110	6.9											764	Xenophon Samaras	MID	AST	4	0	129	4									
																		765	Mindaugas Paulauskas	MID	LVO	4	0	125	6.9											765	Dorian Roussel	MID	ARV	4	0	90	4									
																		766	Ryan Cole	MID	ELV	2	0	49	6.9											766	Vahagn Manukyan	DEF	AEK	4	4	360	4									
																		767	Claude Lemaitre	DEF	ARV	2	0	72	6.9											767	Këbö Wirbli	MID	NMZ	4	0	117	4									
																		768	Ioannes Qustul	DEF	NRG	1	1	90	6.9											768	Chirá Nubrí	FWD	NMZ	4	0	159	4									
																		769	Yishai Galili	MID	SHI	4	0	133	6.8											769	Ritupon Gogoi	DEF	GUP	4	4	360	4									
																		770	Kaspar Tokori	DEF	AKN	1	0	45	6.8											770	Boqin Xie	MID	FUR	4	0	112	4									
																		771	Dat Truong	MID	ATK	4	0	101	6.8											771	Elicura Panguilef	FWD	AKG	5	0	130	4									
																		772	Nazer Shahrivar	MID	VAR	1	0	30	6.8											772	Kurt Eberle	FWD	AKG	5	0	182	4									
																		773	Sohrab Bozorgi	DEF	VAR	1	0	62	6.8											773	Klym Vernydub	MID	SID	5	0	51	4									
																		774	Carmelo Bienvenida	DEF	AUR	1	0	54	6.8											774	Xavier Cienfuegos	GK	ASK	5	5	450	4									
																		775	Ézéchiel Tein	MID	ENC	2	0	65	6.7											775	Nélson Ferreira	FWD	ASK	5	0	117	4									
																		776	Porona Simpansen	DEF	KKM	1	0	22	6.7											776	Butros Sedhom	FWD	NRG	5	0	172	4									
																		777	Ziqiang Bao	MID	GUA	3	0	39	6.7											777	Volkmar Scherer	FWD	PON	5	0	165	4									
																		778	Dorian Roussel	MID	ARV	4	0	90	6.7											778	Petr Procházka	FWD	ALE	5	0	169	4									
																		779	Rubel Munshi	FWD	AWB	3	0	114	6.7											779	Itsuki Goto	FWD	NKI	5	5	275	4									
																		780	Talí Sabákö	MID	NMZ	4	0	131	6.7											780	Ahmet Aydin	GK	SEL	6	6	540	4									
																		781	Lachlan Ihimaera	MID	ANH	3	0	76	6.7											781	Eisuke Sato	GK	NCH	9	9	810	4									
																		782	Nikolai Lebedev	MID	GIA	2	2	113	6.7											782	Zhihao Tang	MID	GUA	1	0	28	3									
																		783	Feoktist Shishkoff	FWD	MOR	4	0	108	6.7											783	Théo Lachapelle	DEF	ARV	1	1	90	3									
																		784	Menas Wennefer	MID	KMT	2	0	40	6.7											784	Odilon Borkono	MID	VAN	2	2	124	3									
																		785	Dakila Magsino Bulanhagui	MID	SGD	2	0	40	6.7											785	Bienvenu Wongo	FWD	VAN	2	2	146	3									
																		786	Mridul Payeng	MID	GUP	4	0	77	6.7											786	Duarte Mesquita	MID	ATA	2	0	55	3									
																		787	Marcel Huỳnh	MID	ATK	4	0	118	6.7											787	Murugan Shivaswamy	DEF	ARU	2	2	180	3									
																		788	Conan Neitzel	MID	PON	5	0	131	6.7											788	Natarajan Madhavan	FWD	ARU	2	2	85	3									
																		789	Egbert Löwis	MID	LVO	3	0	56	6.7											789	Radna Tsydypov	MID	AXE	2	2	135	3									
																		790	Ime Paulsen	MID	ALE	4	0	116	6.7											790	Toma Peato	FWD	ENC	2	2	142	3									
																		791	Francisco Alameda	DEF	ASK	1	0	20	6.7											791	Pää Tüülkok	MID	KKM	2	0	92	3									
																		792	Poe Lwin	MID	AAD	1	0	5	6.7											792	Eitan Halevi	MID	SSA	2	0	63	3									
																		793	Sanatan Jena	MID	ENR	4	0	59	6.7											793	Festo Gbaduma	FWD	SSA	2	2	153	3									
																		794	Conor Dale	MID	ELV	3	0	55	6.7											794	Wol Lual	MID	SSA	2	2	117	3									
																		795	Batbayar Ochirbat	DEF	AXE	1	0	4	6.7											795	Matvei Popov	DEF	RUD	2	2	140	3									
																		796	Buyan Tserendorj	MID	AXE	2	0	50	6.7											796	Sabit Nurgaliev	MID	GIA	2	0	48	3									
																		797	Minghao Bai	MID	AXE	2	0	48	6.7											797	Dōren Lâchūaton	FWD	KFK	2	2	180	3									
																		798	Yorgos Moustakellis	FWD	AST	1	0	27	6.7											798	Daiwo Âhänōnyte	FWD	KFK	2	2	116	3									
																		799	Weilin Fu	MID	GUA	3	0	61	6.7											799	Risto Ātlaköneinen	MID	KFK	2	2	142	3									
																		800	Eitan Halevi	MID	SSA	2	0	63	6.7											800	Girgis Ipuwer	MID	KMT	2	0	46	3									
																		801	Kordian Wróblewski	MID	COR	3	0	92	6.7											801	Abanoub Sethnakht	MID	KMT	2	0	67	3									
																		802	Ezekiel Bridger	DEF	SAL	5	0	92	6.7											802	Phib Bakenkhons	FWD	KMT	2	0	58	3									
																		803	Zebulon Hartshorn	FWD	SAL	5	0	106	6.7											803	Kerem Janabi	GK	ADV	2	2	180	3									
																		804	Zamir Peled	MID	SHI	3	0	76	6.7											804	Tadhana Batumbakal	DEF	SGD	2	2	180	3									
																		805	Uriel Mazor	MID	SHI	4	0	100	6.7											805	Neles Wanimbo	MID	ASG	2	2	180	3									
																		806	Aram Keshishyan	FWD	AEK	4	0	83	6.7											806	Conor Dale	MID	ELV	3	0	55	3									
																		807	Milan Ivanov	MID	RUD	2	0	45	6.7											807	Ziqiang Bao	MID	GUA	3	0	39	3									
																		808	Arkady Vsevolozhsky	MID	RUD	2	2	134	6.7											808	Kamal Rahman	GK	AWB	3	3	270	3									
																		809	Sabit Nurgaliev	MID	GIA	2	0	48	6.7											809	Jamal Sardar	MID	AWB	3	0	77	3									
																		810	Yuri Bogdanov	MID	GIA	2	0	76	6.7											810	Tapan Barua	MID	AWB	3	0	60	3									
																		811	Kanaka Pāhoa	MID	KFK	2	0	25	6.7											811	Trofim Savelyev	MID	PER	3	0	52	3									
																		812	Mykola Holoborodko	MID	SID	6	0	115	6.7											812	Anil Prasad	FWD	ANB	3	0	94	3									
																		813	Pavlo Dovzhenko	MID	SID	6	0	89	6.7											813	Armes Purtunen	FWD	KAR	3	0	113	3									
																		814	Trofim Savelyev	MID	PER	3	0	52	6.7											814	Ctirad Havlíček	MID	POL	3	0	26	3									
																		815	Raed Enezi	MID	ADV	2	0	36	6.7											815	Nathan Lavuka	MID	AKN	3	0	101	3									
																		816	Ruben Sihombing	MID	CAH	5	0	105	6.7											816	Tshepo Motaung	FWD	ASP	3	0	76	3									
																		817	Iilmari Torjalasten	MID	KAR	3	0	82	6.7											817	Rhulani Khouza	FWD	ASP	3	3	201	3									
																		818	Ezra Talasasa	MID	AGN	1	0	3	6.7											818	Tama Wharehuia	DEF	ANH	3	0	95	3									
																		819	Zsigmond Fehérvári	MID	POL	2	0	7	6.7											819	Sanatan Jena	MID	ENR	4	0	59	3									
																		820	Lubomír Macháček	MID	POL	4	0	89	6.7											820	Armand Delaunay	MID	AEK	4	0	67	3									
																		821	Jogesh Brahma	MID	GUP	3	0	16	6.7											821	Aram Keshishyan	FWD	AEK	4	0	83	3									
																		822	Martino Marrese	MID	VIC	3	0	45	6.7											822	Dorofei Lestenkof	FWD	MOR	4	4	360	3									
																		823	An Thach	MID	ATK	4	0	73	6.7											823	Vilém Zlatohlavý	FWD	POL	4	1	132	3									
																		824	Nam Cao	MID	ATK	4	0	91	6.7											824	Pranab Hazarika	GK	GUP	4	4	360	3									
																		825	Pirmin Hoffmeister	MID	PON	4	0	82	6.7											825	Mridul Payeng	MID	GUP	4	0	77	3									
																		826	Boqin Xie	MID	FUR	4	0	112	6.7											826	Amarjyoti Bhuyan	FWD	GUP	4	4	360	3									
																		827	Umaru Yakasai	MID	ACS	2	0	23	6.7											827	Janh Nguyen	GK	ATK	4	4	360	3									
																		828	Lawali Birnin	MID	ACS	1	0	5	6.7											828	Axel Berg	GK	LVO	4	4	360	3									
																		829	Ezhil Arunachalam	MID	ARU	1	0	6	6.7											829	Mindaugas Paulauskas	MID	LVO	4	0	125	3									
																		830	Poadja Nekiriai	MID	ENC	1	0	3	6.7											830	Valdemārs Liepiņš	MID	LVO	4	0	154	3									
																		831	Sherko Amedi	MID	ADV	1	0	4	6.7											831	Amaru Calfuqueo	GK	AKG	5	5	450	3									
																		832	Martim Duarte	MID	ASK	2	0	41	6.7											832	Titus Calloway	FWD	SAL	5	0	147	3									
																		833	Nikita Shirokov	MID	PER	1	0	6	6.7											833	Tadros Sonqi	MID	NRG	5	0	211	3									
																		834	Hidma Netam	MID	ENR	1	0	2	6.7											834	Merki Essili	MID	NRG	5	0	164	3									
																		835	Alejandro Varga	DEF	ASK	1	0	19	6.7											835	Vito Moretti	MID	ESU	5	0	145	3									
																		836	Faustin Mobele	MID	VAN	2	0	24	6.6											836	Matthias Noack	GK	ALE	5	5	450	3									
																		837	Ibrahim Gali	MID	VAN	2	0	18	6.6											837	Mykola Holoborodko	MID	SID	6	0	115	3									
																		838	Márton Nagy	MID	TUR	2	0	23	6.6											838	Rafael Rosario	GK	AUR	8	8	720	3									
																		839	Elemér Lakóczy	MID	TUR	4	0	81	6.6											839	Soumitro Ganguly	MID	NHO	1	0	30	2									
																		840	Duarte Mesquita	MID	ATA	2	0	55	6.6											840	Nangwa Chechoo	MID	ATA	1	0	33	2									
																		841	Chandran Rajapaksha	DEF	ARU	2	0	13	6.6											841	Asela Dissanayake	MID	ARU	1	1	39	2									
																		842	Hamish Urquhart	FWD	ENC	2	0	59	6.6											842	Yorgos Moustakellis	FWD	AST	1	0	27	2									
																		843	Ulrik Sejtala	MID	KKM	2	0	39	6.6											843	Arkady Shuisky	DEF	GIA	1	0	46	2									
																		844	Sanusi Gwandu	DEF	ACS	1	0	30	6.6											844	Georgy Nikitin	DEF	PER	1	1	65	2									
																		845	Rabi'u Ingawa	MID	ACS	3	0	72	6.6											845	Sherko Amedi	MID	ADV	1	0	4	2									
																		846	Isidoros Kallergis	MID	AST	4	0	89	6.6											846	Nazer Shahrivar	MID	VAR	1	0	30	2									
																		847	Haoyu Shi	MID	GUA	3	0	56	6.6											847	Sipho Mashabané	DEF	ASP	1	0	53	2									
																		848	Tadeusz Michalik	MID	COR	3	0	80	6.6											848	Shafiqul Molla	DEF	AWB	1	0	41	2									
																		849	Ephraim Bayliss	MID	SAL	5	0	89	6.6											849	Berat Çankaya	MID	SEL	1	0	12	2									
																		850	Jamal Sardar	MID	AWB	3	0	77	6.6											850	Alejandro Varga	DEF	ASK	1	0	19	2									
																		851	Gautam Das	MID	AWB	3	0	69	6.6											851	Chris Weimann	DEF	ALE	1	0	51	2									
																		852	Dolev Nagar	MID	SHI	3	0	68	6.6											852	Naoto Umenokōji	DEF	NCH	1	0	49	2									
																		853	Giorgi Tskhovreba	MID	AEK	4	0	119	6.6											853	Bual Ponge	MID	AAD	2	2	180	2									
																		854	Vrej Bedrossian	MID	AEK	4	0	55	6.6											854	Kumaran Sivanathan	MID	ARU	2	0	52	2									
																		855	Yves Mercier	MID	AEK	3	0	39	6.6											855	Prasanna Abeywardena	FWD	ARU	2	0	95	2									
																		856	Këbö Wirbli	MID	NMZ	4	0	117	6.6											856	Jianguo Shu	FWD	AXE	2	0	47	2									
																		857	Adnane Filali	MID	AEM	2	0	21	6.6											857	Mwalé Löpwi	FWD	ENC	2	2	77	2									
																		858	Ilias Rochdi	MID	AEM	3	0	50	6.6											858	Odd-Isak Hætta	GK	KKM	2	2	180	2									
																		859	Taoufik Amrani	MID	AEM	3	0	31	6.6											859	Ulrik Sejtala	MID	KKM	2	0	39	2									
																		860	Poota Palmusaaren	MID	KFK	1	0	7	6.6											860	Garang Bol	FWD	SSA	2	0	67	2									
																		861	Ilmari Hatamaaen	MID	KFK	1	0	8	6.6											861	Puok Gatluak	FWD	SSA	2	2	116	2									
																		862	Klym Vernydub	MID	SID	5	0	51	6.6											862	Ivan Dolgorukiy	GK	RUD	2	2	180	2									
																		863	Levko Chornovil	MID	SID	3	0	22	6.6											863	Alex Kaczmarek	FWD	RUD	2	0	49	2									
																		864	Aput Anagick	DEF	MOR	4	0	75	6.6											864	Olavi Marvinen	FWD	KFK	2	0	64	2									
																		865	Yakov Galaktionoff	MID	MOR	4	0	113	6.6											865	Vīren Chōna	MID	KFK	2	2	160	2									
																		866	Moyse Amenmose	MID	KMT	2	0	42	6.6											866	Pakhom Userhat	DEF	KMT	2	2	180	2									
																		867	Safwan Azzawi	MID	ADV	2	0	21	6.6											867	Raed Enezi	MID	ADV	2	0	36	2									
																		868	Bassam Khafaji	MID	ADV	2	0	29	6.6											868	Bassam Khafaji	MID	ADV	2	0	29	2									
																		869	Mariwan Nerweyi	DEF	ADV	1	1	14	6.6											869	Delana Koroi	MID	ANB	2	0	61	2									
																		870	Elan Umali	MID	SGD	2	0	60	6.6											870	Kolinio Rigamoto	FWD	ANB	2	2	58	2									
																		871	Bagus Hartono	MID	CAH	6	0	131	6.6											871	Gcobani Nhlapo-Marais	MID	ASP	2	0	47	2									
																		872	Anton Kaasik	MID	KAR	3	0	63	6.6											872	Gottfried Vietinghoff	MID	LVO	2	0	28	2									
																		873	Festus Boseto	MID	AGN	2	0	17	6.6											873	Eliezer Desap	MID	ASG	2	2	180	2									
																		874	Raphael Teika	MID	AGN	2	0	27	6.6											874	Dominggus Imbiri	FWD	ASG	2	2	150	2									
																		875	Ctirad Havlíček	MID	POL	3	0	26	6.6											875	Umaru Yakasai	MID	ACS	2	0	23	2									
																		876	Danilo Della Rocca	DEF	VIC	3	0	36	6.6											876	Yacine Belkacem	FWD	ABB	3	0	107	2									
																		877	Salvatore Romano	MID	VIC	3	0	95	6.6											877	Jordan Stanford	GK	ELV	3	3	270	2									
																		878	Egeo Scalera	MID	VIC	3	0	36	6.6											878	Idrissa Sokoto	FWD	ACS	3	0	106	2									
																		879	Gcobani Nhlapo-Marais	MID	ASP	2	0	47	6.6											879	Haoyu Shi	MID	GUA	3	0	56	2									
																		880	Reinhold Von Ungern	MID	LVO	4	0	93	6.6											880	Tadeusz Michalik	MID	COR	3	0	80	2									
																		881	Dionysios Vlahos	MID	AST	3	0	46	6.6											881	Dolev Nagar	MID	SHI	3	0	68	2									
																		882	Makwa Kijiko	DEF	ATA	1	0	16	6.6											882	Nabil Chakib	MID	AEM	3	0	109	2									
																		883	Ola Naone	MID	AED	1	0	21	6.6											883	Taoufik Amrani	MID	AEM	3	0	31	2									
																		884	Gaitu Waia	MID	ENC	1	0	10	6.6											884	Rajesh Narayan	FWD	ANB	3	3	159	2									
																		885	Kuol Ajak	MID	SSA	1	0	11	6.6											885	Roððo Duongi	FWD	KAR	3	0	77	2									
																		886	Meli Vakatawa	DEF	ANB	1	0	7	6.6											886	Egeo Scalera	MID	VIC	3	0	36	2									
																		887	Pyotr Egorov	MID	GIA	1	0	7	6.6											887	Goffredo Ruggeri	FWD	VIC	3	0	79	2									
																		888	Emrik Halvorsen	MID	SKJ	2	0	22	6.6											888	Manu Kawelo	FWD	AED	3	0	113	2									
																		889	Ottó Varga	MID	POL	1	1	83	6.6											889	Siyabonga Mazibouko	FWD	ASP	3	0	83	2									
																		890	Vasyl Nalyvaiko	DEF	SID	1	0	28	6.6											890	Bonginkosi Mthembou	FWD	ASP	3	0	63	2									
																		891	Armin Dieffenbach	MID	ANH	1	0	36	6.6											891	György Erdős	MID	TUR	3	0	70	2									
																		892	Prokopiy Tetpon	DEF	MOR	1	0	8	6.6											892	Dionysios Vlahos	MID	AST	3	0	46	2									
																		893	Mahfoud Bensalem	MID	ABB	1	0	9	6.6											893	Hamza Benali	GK	ABB	4	4	360	2									
																		894	Panting Jugah	DEF	CAH	1	0	33	6.6											894	Isidoros Kallergis	MID	AST	4	0	89	2									
																		895	Thura Maung	MID	AAD	2	0	34	6.5											895	Giorgi Tskhovreba	MID	AEK	4	0	119	2									
																		896	Gaston Fabre	MID	ABB	4	0	123	6.5											896	Vrej Bedrossian	MID	AEK	4	0	55	2									
																		897	Yacine Belkacem	FWD	ABB	3	0	107	6.5											897	Sibö Kurbli	GK	NMZ	4	4	360	2									
																		898	Kumaran Sivanathan	MID	ARU	2	0	52	6.5											898	Lubomír Macháček	MID	POL	4	0	89	2									
																		899	Jarrah Nannup	MID	ARU	2	0	35	6.5											899	Swrang Narzary	DEF	GUP	4	4	360	2									
																		900	Debendra Sahoo	DEF	ENR	1	0	51	6.5											900	Jenő Szántó	FWD	GUP	4	0	77	2									
																		901	Dillon Heath	FWD	ELV	3	0	103	6.5											901	Zebulon Hartshorn	FWD	SAL	5	0	106	2									
																		902	Ochir Gombojav	MID	AXE	2	0	46	6.5											902	Basem Shenouda	GK	NRG	5	5	450	2									
																		903	Tsogt Gantulga	MID	AXE	2	2	132	6.5											903	Spencer Jackson	GK	ESU	5	5	450	2									
																		904	Toki Quilaqueo	MID	AKG	5	0	109	6.5											904	Pavlo Dovzhenko	MID	SID	6	0	89	2									
																		905	Foye Huenchullán	MID	AKG	4	0	66	6.5											905	Raka Wijaya	GK	CAH	6	6	540	2									
																		906	Pää Tüülkok	MID	KKM	2	0	92	6.5											906	Jesper Olsen	MID	SKJ	6	0	120	2									
																		907	Xenophon Samaras	MID	AST	4	0	129	6.5											907	Ogimaa Panadis	MID	ATA	1	0	36	1									
																		908	Zhihao Tang	MID	GUA	1	0	28	6.5											908	Lyle Kakepetum	MID	ATA	1	0	35	1									
																		909	Ophir Azoulay	MID	SSA	2	0	37	6.5											909	Luol Nhial	FWD	SSA	1	0	24	1									
																		910	Jok Gony	MID	SSA	2	0	30	6.5											910	Emil Hansen	DEF	SKJ	1	0	27	1									
																		911	Sławomir Jędrzejczyk	MID	COR	3	0	108	6.5											911	Bram Versteeg	DEF	AED	1	0	44	1									
																		912	Tapan Barua	MID	AWB	3	0	60	6.5											912	Ignat Baranov	DEF	PER	1	0	25	1									
																		913	Ashraful Biswas	MID	AWB	2	0	27	6.5											913	Ioannes Qustul	DEF	NRG	1	1	90	1									
																		914	Armand Delaunay	MID	AEK	4	0	67	6.5											914	Ezhil Arunachalam	MID	ARU	1	0	6	1									
																		915	Vsevolod Krestovsky	DEF	RUD	1	0	40	6.5											915	Gaitu Waia	MID	ENC	1	0	10	1									
																		916	Vitali Korovin	MID	RUD	2	0	50	6.5											916	Kuol Ajak	MID	SSA	1	0	11	1									
																		917	Daivid Fedoroff	MID	RUD	2	0	44	6.5											917	Kaspars Vaitkus	DEF	LVO	1	0	44	1									
																		918	Noureddine Mansouri	MID	AEM	3	0	62	6.5											918	Johann Peukert	MID	PON	1	0	18	1									
																		919	Nabil Chakib	MID	AEM	3	0	109	6.5											919	Vasyl Nalyvaiko	DEF	SID	1	0	28	1									
																		920	Tolib Rahimov	MID	GIA	2	0	51	6.5											920	Panting Jugah	DEF	CAH	1	0	33	1									
																		921	Anāne Uusipienien	MID	KFK	2	0	38	6.5											921	Faustin Mobele	MID	VAN	2	0	24	1									
																		922	Daiwo Âhänōnyte	FWD	KFK	2	2	116	6.5											922	Abdoulaye Maïna	FWD	VAN	2	2	180	1									
																		923	Filipp Ayagalria	MID	MOR	4	0	84	6.5											923	Márton Nagy	MID	TUR	2	0	23	1									
																		924	Girgis Ipuwer	MID	KMT	2	0	46	6.5											924	Thura Maung	MID	AAD	2	0	34	1									
																		925	Tadros Amenemhat	MID	KMT	2	2	117	6.5											925	Gustav Sedláček	MID	AAD	2	2	149	1									
																		926	Kidlat Yabut	MID	SGD	2	0	45	6.5											926	Thirumal Annamalai	GK	ARU	2	2	180	1									
																		927	Waisale Ravuiwasa	MID	ANB	3	0	67	6.5											927	Jarrah Nannup	MID	ARU	2	0	35	1									
																		928	Delana Koroi	MID	ANB	2	0	61	6.5											928	Buyan Tserendorj	MID	AXE	2	0	50	1									
																		929	Kalyan Borah	MID	GUP	3	0	50	6.5											929	Ochir Gombojav	MID	AXE	2	0	46	1									
																		930	Konrad Hellwig	MID	AKN	3	0	69	6.5											930	Minghao Bai	MID	AXE	2	0	48	1									
																		931	Nathan Lavuka	MID	AKN	3	0	101	6.5											931	Enkhbold Tsendbaatar	FWD	AXE	2	2	147	1									
																		932	Peter Warota	MID	AKN	3	0	58	6.5											932	Juhani Norsuunlainen	FWD	KKM	2	0	75	1									
																		933	Emil Hansen	DEF	SKJ	1	0	27	6.5											933	Luukas Gantoninen	FWD	KKM	2	2	105	1									
																		934	Pitso Modisé	MID	ASP	3	0	112	6.5											934	Feodor Kulanen	MID	KKM	2	2	135	1									
																		935	Gottfried Vietinghoff	MID	LVO	2	0	28	6.5											935	Lawan Zanna	FWD	ACS	2	0	36	1									
																		936	Teunis Slootman	MID	ASG	2	0	27	6.5											936	Jok Gony	MID	SSA	2	0	30	1									
																		937	György Erdős	MID	TUR	3	0	70	6.5											937	Uziel Katz	MID	SSA	2	2	149	1									
																		938	Tama Wharehuia	DEF	ANH	3	0	95	6.5											938	Daivid Fedoroff	MID	RUD	2	0	44	1									
																		939	Zeki Nari̇n	MID	SEL	3	0	71	6.5											939	Adnane Filali	MID	AEM	2	0	21	1									
																		940	Wieland Hummel	FWD	ALE	5	0	129	6.5											940	Tolib Rahimov	MID	GIA	2	0	51	1									
																		941	Ignat Baranov	DEF	PER	1	0	25	6.5											941	Shenoute Nebamun	GK	KMT	2	2	180	1									
																		942	Vratislav Zemánek	DEF	POL	2	0	51	6.5											942	Moyse Amenmose	MID	KMT	2	0	42	1									
																		943	Bohumil Štěpánek	DEF	POL	2	0	87	6.5											943	Peshraw Rekabi	FWD	ADV	2	0	42	1									
																		944	Neizan Escribano	MID	AUR	1	0	25	6.5											944	Elan Umali	MID	SGD	2	0	60	1									
																		945	Jesper Olsen	MID	SKJ	6	0	120	6.5											945	Otto Lindenberg	MID	AGN	2	0	50	1									
																		946	Jonah Kambuou	MID	AKN	2	0	31	6.5											946	Wolfgang Steinberg	FWD	AGN	2	2	169	1									
																		947	Kosti Serrani	MID	NRG	2	0	44	6.5											947	Micah Saeniu	FWD	AGN	2	0	41	1									
																		948	Tiies Inkerinen	MID	KKM	1	0	17	6.5											948	Philemon Iroga	FWD	AGN	2	2	139	1									
																		949	Shafiqul Molla	DEF	AWB	1	0	41	6.5											949	Vratislav Zemánek	DEF	POL	2	0	51	1									
																		950	Kaspars Vaitkus	DEF	LVO	1	0	44	6.5											950	Bohumil Štěpánek	DEF	POL	2	0	87	1									
																		951	Johann Peukert	MID	PON	1	0	18	6.5											951	Aleš Nejezchleb	FWD	POL	2	0	27	1									
																		952	Niall Kinsella	FWD	SKJ	3	0	88	6.5											952	Jonah Kambuou	MID	AKN	2	0	31	1									
																		953	Nikolaus Wagner	DEF	ANH	1	1	90	6.5											953	Martim Duarte	MID	ASK	2	0	41	1									
																		954	Théo Lachapelle	DEF	ARV	1	1	90	6.5											954	Emrik Halvorsen	MID	SKJ	2	0	22	1									
																		955	Chris Weimann	DEF	ALE	1	0	51	6.5											955	István Magvasi	FWD	TUR	3	0	41	1									
																		956	Naoto Umenokōji	DEF	NCH	1	0	49	6.5											956	Marek Kováč	GK	COR	3	3	270	1									
																		957	Emidio Lombardi	MID	VAN	2	0	56	6.5											957	Sławomir Jędrzejczyk	MID	COR	3	0	108	1									
																		958	István Magvasi	FWD	TUR	3	0	41	6.5											958	Radosław Gołębiowski	FWD	COR	3	0	119	1									
																		959	Zsolt Vadász	FWD	TUR	4	0	98	6.5											959	Gautam Das	MID	AWB	3	0	69	1									
																		960	Aluk Enam	FWD	AAD	2	0	25	6.5											960	Yassine Benali	GK	AEM	3	3	270	1									
																		961	Jianguo Shu	FWD	AXE	2	0	47	6.5											961	Ilias Rochdi	MID	AEM	3	0	50	1									
																		962	Elicura Panguilef	FWD	AKG	5	0	130	6.5											962	Noureddine Mansouri	MID	AEM	3	0	62	1									
																		963	Wamytan Goromido	DEF	ENC	1	0	30	6.5											963	Evgeny Karpov	GK	PER	3	3	270	1									
																		964	Nurlan Zhakupov	MID	PER	2	0	97	6.5											964	Qillaq Nutaaq	MID	MOR	3	0	52	1									
																		965	Sevastyan Roshchin	FWD	PER	3	0	91	6.5											965	Bernardo Figueira	FWD	ASK	3	0	58	1									
																		966	Ivan Gavrilovic	DEF	PER	2	2	128	6.5											966	Waisale Ravuiwasa	MID	ANB	3	0	67	1									
																		967	Abanoub Sethnakht	MID	KMT	2	0	67	6.5											967	Ratu Baleiwai	FWD	ANB	3	0	117	1									
																		968	Peshraw Rekabi	FWD	ADV	2	0	42	6.5											968	Aleksi Järveläinen	GK	KAR	3	3	270	1									
																		969	Araw Tapang	MID	SGD	2	0	57	6.5											969	Kökta Saare	FWD	KAR	3	0	85	1									
																		970	Buwi Calang	FWD	SGD	2	0	61	6.5											970	Kalyan Borah	MID	GUP	3	0	50	1									
																		971	Émile Poirier	MID	ANB	1	0	21	6.5											971	Jogesh Brahma	MID	GUP	3	0	16	1									
																		972	Otto Lindenberg	MID	AGN	2	0	50	6.5											972	Massimo Visconti	GK	VIC	3	3	270	1									
																		973	Jenő Szántó	FWD	GUP	4	0	77	6.5											973	Noa Limahai	FWD	AED	3	0	90	1									
																		974	Goffredo Ruggeri	FWD	VIC	3	0	79	6.5											974	Jonah Kupihea	FWD	AED	3	0	63	1									
																		975	Siti Gemai	MID	NRG	4	0	91	6.5											975	Foye Huenchullán	MID	AKG	4	0	66	1									
																		976	Aleš Nejezchleb	FWD	POL	2	0	27	6.5											976	Filipp Ayagalria	MID	MOR	4	0	84	1									
																		977	Onesimus Sisiolo	FWD	AGN	1	0	11	6.5											977	Feoktist Shishkoff	FWD	MOR	4	0	108	1									
																		978	Jagan Krishnamurthy	MID	ARU	2	1	106	6.4											978	Siti Gemai	MID	NRG	4	0	91	1									
																		979	Wol Lual	MID	SSA	2	2	117	6.4											979	Maximilian Mollenhauer	GK	PON	5	5	450	1									
																		980	Benedict To Warai	FWD	AKN	3	0	106	6.4											980	Dural Tanumura	GK	NKI	5	5	450	1									
																		981	Melky Mote	FWD	ASG	2	0	30	6.4																											
																		982	Robert Schlösser	FWD	PON	3	0	63	6.4																											
																		983	Boris Lukyanovich	FWD	RUD	1	0	16	6.4																											
																		984	Fidèle Mokossa	FWD	VAN	2	0	34	6.3																											
																		985	Nangwa Chechoo	MID	ATA	1	0	33	6.3																											
																		986	Keesic Nottaway	MID	ATA	2	2	125	6.3																											
																		987	Galsan Badmaev	MID	AXE	2	2	130	6.3																											
																		988	Nasiru Kaura	FWD	ACS	3	0	125	6.3																											
																		989	Lawan Zanna	FWD	ACS	2	0	36	6.3																											
																		990	Qillaq Nutaaq	MID	MOR	3	0	52	6.3																											
																		991	Phib Bakenkhons	FWD	KMT	2	0	58	6.3																											
																		992	Micah Saeniu	FWD	AGN	2	0	41	6.3																											
																		993	Bram Versteeg	DEF	AED	1	0	44	6.3																											
																		994	Jonah Kupihea	FWD	AED	3	0	63	6.3																											
																		995	Bonginkosi Mthembou	FWD	ASP	3	0	63	6.3																											
																		996	Lyle Kakepetum	MID	ATA	1	0	35	6.3																											
																		997	Piera Amarainen	MID	KKM	2	2	133	6.3																											
																		998	Ture Poule	FWD	KKM	2	0	41	6.3																											
																		999	Alex Kaczmarek	FWD	RUD	2	0	49	6.3																											
																		1000	Timur Iskanderov	MID	GIA	2	2	99	6.3																											
																		1001	Sarapamon Nakhtmin	FWD	KMT	2	2	122	6.3																											
																		1002	Bernardo Figueira	FWD	ASK	3	0	58	6.3																											
																		1003	Nélson Ferreira	FWD	ASK	5	0	117	6.3																											
																		1004	Kolinio Rigamoto	FWD	ANB	2	2	58	6.3																											
																		1005	Armes Purtunen	FWD	KAR	3	0	113	6.3																											
																		1006	Bhupen Narishita	FWD	NHO	3	0	98	6.3																											
																		1007	Clive Forsyth	FWD	ENR	2	0	39	6.3																											
																		1008	Georgy Nikitin	DEF	PER	1	1	65	6.3																											
																		1009	Jianfeng Na	FWD	AXE	1	0	22	6.3																											
																		1010	Odilon Borkono	MID	VAN	2	2	124	6.2																											
																		1011	Prasanna Abeywardena	FWD	ARU	2	0	95	6.2																											
																		1012	Yengo Yaka	FWD	ENC	1	0	30	6.2																											
																		1013	Garang Bol	FWD	SSA	2	0	67	6.2																											
																		1014	Witold Ostrowski	FWD	COR	3	0	109	6.2																											
																		1015	Olavi Marvinen	FWD	KFK	2	0	64	6.2																											
																		1016	Jao Macaraeg	FWD	SGD	2	2	120	6.2																											
																		1017	Anil Prasad	FWD	ANB	3	0	94	6.2																											
																		1018	Vilém Zlatohlavý	FWD	POL	4	1	132	6.2																											
																		1019	Keanu Hookano	DEF	AED	2	0	84	6.2																											
																		1020	Tshepo Motaung	FWD	ASP	3	0	76	6.2																											
																		1021	Sipho Mashabané	DEF	ASP	1	0	53	6.2																											
																		1022	Juhani Norsuunlainen	FWD	KKM	2	0	75	6.1																											
																		1023	Luol Nhial	FWD	SSA	1	0	24	6.1																											
																		1024	Pavel Sokolov	FWD	RUD	2	2	131	6.1																											
																		1025	Noa Limahai	FWD	AED	3	0	90	6.1																											
																		1026	Siyabonga Mazibouko	FWD	ASP	3	0	83	6.1																											
																		1027	Niibin Nadjiwon	FWD	ATA	2	2	127	6.1																											
																		1028	Jobi Paoume	FWD	ENC	2	2	131	6.1																											
																		1029	Idrissa Sokoto	FWD	ACS	3	0	106	6.1																											
																		1030	Radosław Gołębiowski	FWD	COR	3	0	119	6.1																											
																		1031	Ratu Baleiwai	FWD	ANB	3	0	117	6.1																											
																		1032	Kaloonbat Nedia	FWD	ENC	1	0	38	6.0																											
																		1033	Gilad Dahan	FWD	SHI	2	2	130	6.0																											
																		1034	Manu Kawelo	FWD	AED	3	0	113	6.0																											
																		1035	Natarajan Madhavan	FWD	ARU	2	2	85	5.9																											
																		1036	Luukas Gantoninen	FWD	KKM	2	2	105	5.8																											
																		1037	Puok Gatluak	FWD	SSA	2	2	116	5.7																											
																		1038	Usaia Veitayaki	FWD	ANB	2	1	103	5.7																											
																		1039	Asela Dissanayake	MID	ARU	1	1	39	5.5																											
																		1040	Mwalé Löpwi	FWD	ENC	2	2	77	5.4																											
