SEASON	COMPETITION	PLAYER	TEAM	POS	OLD	NEW
1932	World Cup Qualifiers	Heliodoro Medina	RCO	DEF	59	62
1932	World Cup Qualifiers	Axel Berg	LVO	GK	76	78
1932	World Cup Qualifiers	Jesus Halconero	ASK	FWD	80	83
1932	World Cup Qualifiers	Otar Tvalchrelidze	AEK	DEF	56	59
1932	World Cup Qualifiers	Lebogang Du Phiri	ASP	MID	70	72
1932	World Cup Qualifiers	Dhanushkodi Thuraisingam	ARU	FWD	61	63
1932	World Cup Qualifiers	Semyon Volkov	GIA	GK	73	75
1932	World Cup Qualifiers	Jaroslav Navrátil	AKN	MID	60	62
1932	World Cup Qualifiers	Kenji Nagase	NHO	FWD	81	83
1932	World Cup Qualifiers	Victor Tvedt	SKJ	MID	84	85
1932	World Cup Qualifiers	Rosendo Zapatero	AUR	FWD	88	85
1932	World Cup Qualifiers	Harry Caine	ELV	FWD	90	88
1932	World Cup Qualifiers	Wesley Wetherby	ELV	DEF	86	84
1932	World Cup Qualifiers	Neçirvan Barzani	ADV	FWD	87	85
1932	nl1	Takeru Mikado	SPK	MID	85	84
1933	World Cup	Jakub Dvořák	ALE	MID	85	83
1933	World Cup	Valery Polyakov	GIA	FWD	75	77
1933	World Cup	Renzo Agbayani	SGD	GK	72	77
1933	World Cup	Kenichi Mitsui	NCH	FWD	89	90
1933	World Cup	Shō Itoshi	NCH	MID	91	87
1933	World Cup	Luca Higashiyama	NCH	MID	90	89
1933	World Cup	Rui Ōe	NCH	MID	88	87
1933	World Cup	Antoine Bagradian	ARV	MID	89	88
1933	World Cup	Leon Vogel	ESU	FWD	89	88
1933	World Cup	Pau Puigcorbé	ASK	FWD	88	87
1933	World Cup	Alton Begay	CAL	DEF	84	86
1933	World Cup	Takeru Mikado	NCH	MID	84	83
1933	nl1	Rúben Guerreiro	MAK	MID	75	77
1933	nl1	Kalle Vuorijärvi	TOY	DEF	75	77
1933	nl1	Basem Shenouda	SHZ	GK	81	83
1933	nl1	Ryōga Ikarashi	FCH	FWD	78	80
1933	nl1	Trent Hawthorne	ISS	FWD	90	91
1933	nl1	Luca Higashiyama	VIR	MID	89	90
1933	nl1	Rémi Gauthier	NIK	FWD	84	85
1933	nl1	Kazuyoshi Hiranuma	SPK	DEF	82	83
1933	nl1	August Rittenhouse	VIR	MID	81	85
1933	nl1	Nuno Gouveia	SPK	MID	78	79
1933	nl1	Jacinto Valencia	ISS	DEF	77	78
1933	nl1	Akseli Ruotsalainen	TOY	DEF	76	77
1933	nl1	Dānilo Pavlović	SEN	GK	74	75
1933	nl1	Lingyun Hao	NIK	DEF	73	74
1933	nl1	Rikuto Funabashi	SEN	MID	70	71
1933	nl1	Gvidas Rimkevičius	TAK	DEF	70	75
1933	nl1	Sōshi Nagumo	DYM	DEF	78	76
1933	nl1	Shōya Munakata	SSK	MID	80	78
1933	nl1	Yeray Bengoetxea	ISS	MID	88	87
1933	nl1	Makoto Kishima	SSK	MID	86	84
1933	nl1	Konsta Yrjölä	TOY	DEF	85	84
1933	nl1	Neçirvan Barzani	SSK	FWD	85	84
1933	nl1	Tömörbaatar Ganzorig	ORU	DEF	79	78
1933	nl1	Levi Nez	BGE	FWD	79	78
1933	nl1	Tōgo Tanioka	SHZ	FWD	81	80
1933	nl1	Yūma Shindō	ISS	FWD	76	75
1933	nl1	Jun Teshigawara	AYA	FWD	73	79
1933	nl1	Shūhei Ozaki	SHZ	MID	73	72
1932	Club World Cup	Gijs Dreesens	DYM	MID	84	89
1932	Club World Cup	Ivan Dolgorukiy	UKA	GK	79	82
1932	Club World Cup	Beckett Ashworth	GAE	DEF	75	77
1932	Club World Cup	Matthias Noack	HAN	GK	87	88
1932	Club World Cup	Péter Szabó	WIN	MID	88	91
1932	Club World Cup	Vilmos Szilágyi	HAN	FWD	77	79
1932	Club World Cup	Corwin Thistlewood	GAE	MID	74	75
1932	Club World Cup	Antoine Bagradian	LUT	MID	88	82
1932	Club World Cup	Rocco De Luca	OT	MID	87	85
1932	Club World Cup	Renato Fioravanti	WIN	FWD	82	79
1932	Club World Cup	Conor Dale	WIN	MID	84	79
1932	Club World Cup	Wesley Wetherby	STM	DEF	84	82
1934	World Cup	Takeru Mikado	NCH	MID	83	82
1934	nl1	Miltiadis Galanis	VIR	FWD	87	91
1934	nl1	Yerrin Chindura	ISS	MID	80	84
1934	nl1	Trent Hawthorne	ISS	FWD	91	93
1934	nl1	Arnold Bjarnfreðsson	TAK	FWD	79	82
1934	nl1	Hiro Oshiro	DYM	MID	79	82
1934	nl1	Hiromu Furuhashi	SHZ	FWD	78	81
1934	nl1	Kenshirō Unagami	SHZ	DEF	77	80
1934	nl1	Luca Higashiyama	VIR	MID	90	91
1934	nl1	Taiga Bashira	DYM	FWD	89	90
1934	nl1	Shō Itoshi	SPK	FWD	87	89
1934	nl1	Denis Kuznetsov	SPK	FWD	86	88
1934	nl1	Masaru Jakamarra	ISS	MID	85	87
1934	nl1	Constantin Reverdin	AYA	FWD	82	84
1934	nl1	József Antall	NAG	FWD	82	84
1934	nl1	Kiyoshi Torigoe	ISS	MID	82	84
1934	nl1	Raffaele Lucchese	ISS	MID	82	84
1934	nl1	Akihisa Kubo	FCH	GK	81	83
1934	nl1	Juhani Hämälainen	AYA	GK	79	81
1934	nl1	Amgalanbaatar Sükh	ORU	DEF	78	80
1934	nl1	Takeru Nakandakari	NIK	DEF	78	80
1934	nl1	Sviatoslav Boyko	NAG	MID	77	79
1934	nl1	Cristian Urdaneta	NIK	DEF	76	78
1934	nl1	Dānilo Pavlović	SEN	GK	75	77
1934	nl1	Erlend Mikkelsen	SHZ	MID	75	77
1934	nl1	Wout Vandenberghe	TAK	MID	75	77
1934	nl1	Lingyun Hao	NIK	DEF	74	76
1934	nl1	Kōki Samejima	TAK	DEF	73	75
1934	nl1	Octave Desjardins	DYM	MID	90	91
1934	nl1	Kōzō Fujise	DYM	DEF	88	89
1934	nl1	Basem Shenouda	SHZ	GK	83	84
1934	nl1	Daigo Takanashi	SPK	DEF	83	84
1934	nl1	Kenji Nagase	SSK	FWD	83	84
1934	nl1	Yoshikazu Takanen	DYM	DEF	83	84
1934	nl1	Eisuke Sato	NAG	GK	82	83
1934	nl1	Gen Fija	AYA	DEF	82	83
1934	nl1	Orkun Çeti̇n	NAG	MID	82	83
1934	nl1	Voptá Hendá	FCH	FWD	81	82
1934	nl1	Yavuz Koç	SHM	FWD	81	82
1934	nl1	Aurélien Pasquier	SHZ	MID	80	81
1934	nl1	Dural Tanumura	SSK	GK	79	80
1934	nl1	Kōtarō Unno	KAM	FWD	79	80
1934	nl1	Nuno Gouveia	SPK	MID	79	80
1934	nl1	Drake Kessler	NIK	MID	78	79
1934	nl1	Niklas Weidmann	FCH	DEF	78	79
1934	nl1	Patrick Stumpfegger	ASH	MID	78	79
1934	nl1	Shintarō Katahira	KAM	DEF	78	79
1934	nl1	Tömörbaatar Ganzorig	ORU	DEF	78	79
1934	nl1	Ander Zubikarai	MAK	FWD	77	78
1934	nl1	Arslanbaatar Ganbold	ORU	MID	77	78
1934	nl1	Began Andersen	SHZ	DEF	77	78
1934	nl1	Bürgedei Dashnyam	ORU	FWD	77	78
1934	nl1	Kōsei Habara	SAT	DEF	77	78
1934	nl1	Umberto Bellarmino	NAG	MID	77	78
1934	nl1	Devante Rowley	SUM	FWD	76	77
1934	nl1	Heng Kong	SUM	DEF	76	77
1934	nl1	Pêr Lostanlen	TOY	MID	76	77
1934	nl1	Sōshi Nagumo	SAT	MID	76	77
1934	nl1	Shōhei Kaburagi	TAK	MID	75	76
1934	nl1	Sōta Kuribayashi	ASH	GK	75	76
1934	nl1	Tomoki Iwabuchi	ASH	FWD	75	76
1934	nl1	Yūshin Takamura	MAK	MID	75	76
1934	nl1	Bjarke Lindqvist	ASH	DEF	74	75
1934	nl1	Goshi Suganuma	ASH	DEF	74	75
1934	nl1	Masaki Togawa	TAK	DEF	74	75
1934	nl1	Shōgo Higashiyama	SEN	MID	74	75
1934	nl1	Artem Tkachenko	SAT	FWD	73	74
1934	nl1	Vladimír Králik	MAK	DEF	73	74
1934	nl1	Ørjan Skjelbred	SHM	DEF	73	74
1934	nl1	Eisuke Tatebayashi	SHM	DEF	72	73
1934	nl1	Miklós Nagy	ISS	GK	88	84
1934	nl1	Unai Izagirre	KAM	GK	79	75
1934	nl1	Nikolaos Papadopoulos	VIR	GK	83	80
1934	nl1	Shōgo Togashi	TOY	FWD	75	72
1934	nl1	Bhupen Narishita	SEN	FWD	73	70
1934	nl1	Péter Szabó	SPK	MID	91	89
1934	nl1	Jordan Stanford	SPK	GK	87	85
1934	nl1	Kenneth Haugland	VIR	DEF	85	83
1934	nl1	Magnus Andersson	DYM	GK	83	81
1934	nl1	Keigo Machida	ISS	DEF	80	78
1934	nl1	Jun Teshigawara	AYA	FWD	79	77
1934	nl1	Robert Schlösser	FCH	FWD	79	77
1934	nl1	Yōhei Takigawa	SPK	FWD	79	77
1934	nl1	Shōya Munakata	SUM	MID	78	76
1934	nl1	Biret-Ánde Sara	TOY	DEF	77	75
1934	nl1	Kalle Vuorijärvi	TOY	DEF	77	75
1934	nl1	Fumito Katagiri	NAG	FWD	76	74
1934	nl1	Tibor Fazékas	AYA	MID	75	73
1934	nl1	Adrien Beausoleil	TOY	MID	74	72
1934	nl1	Kylian Lefranc	FCH	MID	74	72
1934	nl1	Takanori Kajiwara	ISS	MID	74	72
1934	nl1	Fengqi Lu	SAT	MID	73	71
1934	nl1	Haripada Bagchi	SEN	MID	72	70
1934	nl1	Tatsuya Kurokawa	SUM	FWD	72	70
1934	nl1	Kouki Totsuka	MAK	FWD	71	69
1934	nl1	Rikuto Funabashi	SEN	MID	71	69
1934	nl1	Gijs Dreesens	DYM	MID	89	88
1934	nl1	Genma Nishigawa	VIR	DEF	84	83
1934	nl1	Kiyoshi Murandin	SPK	DEF	84	83
1934	nl1	Konsta Yrjölä	TOY	DEF	84	83
1934	nl1	Olof Sjöberg	ISS	DEF	84	83
1934	nl1	Arthur Kohlberg	SPK	DEF	82	81
1934	nl1	Takamasa Hida	KAM	MID	82	81
1934	nl1	Étienne Trieu	AYA	MID	82	81
1934	nl1	Shin Segawa	SSK	MID	81	80
1934	nl1	Nicolas Bellamy	ISS	DEF	80	79
1934	nl1	Ryōga Ikarashi	FCH	FWD	80	79
1934	nl1	Daichi Komatsubara	SUM	MID	79	78
1934	nl1	Emil Hansen	FCH	DEF	78	77
1934	nl1	Kamal Bodhipal	KAM	FWD	78	77
1934	nl1	Noriyuki Kiriyama	SSK	FWD	78	77
1934	nl1	Seishirō Amane	VIR	DEF	78	77
1934	nl1	Sélim Bouziane	SAT	DEF	78	77
1934	nl1	Sōma Kirizuka	MAK	MID	78	77
1934	nl1	Tamer Khalil	VIR	MID	78	77
1934	nl1	Akseli Ruotsalainen	TOY	DEF	77	76
1934	nl1	Chinbat Oyuunbileg	ORU	DEF	77	76
1934	nl1	Kyōsuke Komine	ISS	FWD	77	76
1934	nl1	Ryland Nash	DYM	FWD	77	76
1934	nl1	Teruki Saruwatari	SSK	MID	77	76
1934	nl1	Yūdai Tōjō	FCH	DEF	77	76
1934	nl1	Miro Heikkinen	SEN	MID	76	75
1934	nl1	Zolbayar Byambadorj	ORU	DEF	76	75
1934	nl1	Bence Zsolnay	SUM	DEF	75	74
1934	nl1	Issei Kunieda	TOY	MID	75	74
1934	nl1	Iñigo Arrizabalaga	KAM	DEF	75	74
1934	nl1	Kazuma Mabuse	SHM	MID	75	74
1934	nl1	Kengo Okitsu	DYM	MID	75	74
1934	nl1	Kōsuke Yokomizo	SEN	MID	75	74
1934	nl1	Masahiro Kusakari	SSK	MID	75	74
1934	nl1	Miika Kyllönen	SUM	DEF	75	74
1934	nl1	Seiji Kasuga	AYA	MID	75	74
1934	nl1	Semyon Volkov	TAK	GK	75	74
1934	nl1	Yūma Shindō	FCH	FWD	75	74
1934	nl1	Naoya Unoki	NAG	MID	74	73
1934	nl1	Tōichirō Kaneshiro	ASH	FWD	74	73
1934	nl1	Daisuke Unagami	FCH	DEF	73	72
1934	nl1	Takeshi Kuraoka	SEN	DEF	73	72
1934	nl1	Tsukasa Amagai	MAK	MID	73	72
1934	nl1	Nyunda Yiribaru	SHM	MID	72	71
1934	nl1	Michiaki Enomoto	NIK	FWD	70	69
1934	nl1	Sōhei Okuno	NIK	MID	69	68
1934	Karjanian Premier League	Christian Leino	SYV	GK	76	78
1934	Karjanian Premier League	Henrik Kristianson	SYV	FWD	75	77
1934	Karjanian Premier League	Armes Purtunen	PIE	FWD	79	80
1934	Karjanian Premier League	Tim Pukki	PIE	FWD	82	83
1934	Karjanian Premier League	Paavo Seppälä	RJK	DEF	83	82
1934	Karjanian Premier League	Teemo Aasmae	RPS	GK	81	80
1934	Karjanian Premier League	Aleksi Järveläinen	KUI	GK	80	81
1934	Karjanian Premier League	Otto Kask	KUI	MID	79	80
1934	Karjanian Premier League	Takuma Nakamura	KUI	FWD	82	81
1934	Karjanian Premier League	Kanata Hanashima	VKS	FWD	74	77
1934	Karjanian Premier League	James Smith	VKS	DEF	75	77
1934	Karjanian Premier League	Roððo Duongi	NOW	FWD	78	79
1934	Karjanian Premier League	Yūki Hattori	MRJ	FWD	75	77
1934	Karjanian Premier League	Erik Aalto	MRJ	GK	74	77
1934	Karjanian Premier League	Toma Shimabukuro	LAA	GK	78	80
1934	Karjanian Premier League	Salteni Pöyhönen	AFK	FWD	71	75
1934	Karjanian Premier League	Márton Nagy	SYV	MID	75	77
1934	Karjanian Premier League	Bertel Vainojärven	SYV	FWD	80	79
1934	Karjanian Premier League	Henrik Kristianson	SYV	FWD	77	79
1934	Karjanian Premier League	Litto Tulp	PIE	MID	78	79
1934	Karjanian Premier League	Armes Purtunen	PIE	FWD	80	81
1934	Karjanian Premier League	Tim Pukki	PIE	FWD	83	84
1934	Karjanian Premier League	Kalle Räikkönen	RJK	DEF	79	78
1934	Karjanian Premier League	Paavo Seppälä	RJK	DEF	82	81
1934	Karjanian Premier League	Toivo Grigorovic	VKS	DEF	75	76
1934	Karjanian Premier League	Balázs Jaminai	VKS	MID	77	78
1934	Karjanian Premier League	Teemo Aasmae	RPS	GK	80	79
1934	Karjanian Premier League	Marcel Metsa	RSR	DEF	78	76
1934	Karjanian Premier League	Eski Ruudanen	RSR	DEF	79	78
1934	Karjanian Premier League	Charle Valtterinen	RSR	FWD	79	77
1934	Karjanian Premier League	Aleksi Järveläinen	KUI	GK	81	82
1934	Karjanian Premier League	Otto Kask	KUI	MID	80	81
1934	Karjanian Premier League	Tazta Daryaei	XIV	GK	72	73
1934	Karjanian Premier League	Aarne Kainulainen	NOW	MID	79	78
1934	Karjanian Premier League	Vitali Korovin	NOW	MID	77	78
1934	Karjanian Premier League	Saīd Farzan	NOW	FWD	77	76
1934	Karjanian Premier League	Antaei Djurunga	AFK	DEF	71	72
1934	Karjanian Premier League	James Feruccio	AFK	MID	76	78
1934	Karjanian Premier League	Chenguang Pei	AFK	FWD	75	76
1934	Karjanian Premier League	Vladimir Tsoikov	AFK	FWD	73	75
1934	Karjanian Premier League	Nazer Shahrivar	MPA	MID	72	71
1934	Karjanian Premier League	Artyom Vladimovic	ARK	DEF	74	75
1934	Karjanian Premier League	Yerucham Lehrer	ARK	MID	73	74
1934	Karjanian Premier League	Lajos Újföldi	ARK	MID	65	68
1934	Karjanian Premier League	Otto Ahmadi	LAA	MID	74	72
1934	Liga-ye Mellī	Ziyad Subaie	NSR	MID	76	77
1934	nl2	Ryōsuke Tsugawa	KOS	FWD	70	75
1934	nl2	Naoki Higashino	SHR	MID	67	71
1934	nl2	Anirban Goswami	SHR	DEF	69	73
1934	nl2	Nobuhiro Azusawa	IFK	DEF	66	70
1934	nl2	Shigematsu Sato	KAN	FWD	71	74
1934	nl2	Kaname Kuramoto	KOS	MID	75	78
1934	nl2	Tatsuhiko Minagawa	KOS	DEF	72	75
1934	nl2	Pradip Chowdhury	SHR	FWD	73	76
1934	nl2	Sibö Kurbli	SHR	GK	70	73
1934	nl2	Mircea Ionescu	SHR	MID	72	74
1934	nl2	Hengbo Liu	SHR	DEF	72	74
1934	nl2	Yūya Tachikawa	RYO	GK	74	76
1934	nl2	Yoshitaka Nabeshima	KOS	MID	74	76
1934	nl2	Ippei Sawaki	KOS	MID	73	75
1934	nl2	Cesare Bottinelli	KAN	MID	74	76
1934	nl2	Ryōhei Ōtake	KOS	DEF	73	75
1934	nl2	Ben Caldicott	BGE	DEF	75	77
1934	nl2	Naoya Kurihara	CHU	DEF	74	76
1934	nl2	Guowei Sun	BGE	FWD	73	75
1934	nl2	Fumiya Habiro	IFK	FWD	72	74
1934	nl2	Sōichi Egashira	KAN	FWD	70	72
1934	nl2	Naoya Kumazawa	KAN	FWD	69	71
1934	nl2	Minoru Andō	MAT	MID	72	74
1934	nl2	Katsunori Haneda	MAT	DEF	70	72
1934	nl2	Naguib Sharawi	BGE	DEF	73	75
1934	nl2	Susumu Kikkawa	KOS	DEF	74	76
1934	nl2	Tarran Nyaruguru	SHR	DEF	71	72
1934	nl2	Naoki Onizuka	SHR	MID	71	72
1934	nl2	Nirrim Biryara	SHR	MID	70	71
1934	nl2	Hiroto Nakatsuka	SHR	MID	69	70
1934	nl2	Keigo Ikeda	SHR	DEF	72	73
1934	nl2	Provat Adhikari	SHR	DEF	67	68
1934	nl2	Shūji Kannazuki	KAN	GK	77	78
1934	nl2	Tsuyoshi Mikuriya	KAN	DEF	71	72
1934	nl2	Sadao Garabin	KAN	MID	71	72
1934	nl2	Ryōhei Ikegaya	KAN	DEF	70	71
1934	nl2	Shigenori Takaoka	KAN	DEF	69	70
1934	nl2	Hamad Zahrani	KAN	MID	70	71
1934	nl2	Yūto Hisamatsu	KAN	MID	70	71
1934	nl2	Mizuki Hoshizaki	KOS	MID	73	74
1934	nl2	Naohiro Shiina	KOS	DEF	73	74
1934	nl2	Wenkai Zhao	KOS	MID	72	73
1934	nl2	Hiroto Umezawa	KOS	MID	70	71
1934	nl2	Ismael Menéndez	CHU	DEF	84	85
1934	nl2	Alarico Canavese	CHU	MID	76	77
1934	nl2	Kōtarō Yanagisawa	CHU	FWD	73	74
1934	nl2	Akihiro Kaibara	CHU	FWD	74	75
1934	nl2	Genki Toba	IFK	MID	73	74
1934	nl2	Kōhei Sahara	IFK	FWD	71	72
1934	nl2	Itsuki Tsukahara	IFK	MID	71	72
1934	nl2	Phani Kyaithang	IFK	MID	72	73
1934	nl2	Kazutoshi Hōjō	IFK	DEF	68	69
1934	nl2	Takahiro Chikaraishi	IFK	DEF	67	68
1934	nl2	Ren Ikegami	BGE	GK	75	76
1934	nl2	Toshiya Kogure	BGE	DEF	71	72
1934	nl2	Lam Vu	RYO	MID	77	78
1934	nl2	Eren Peretz	RYO	MID	76	77
1934	nl2	Kentarō Ishizuka	RYO	DEF	72	73
1934	nl2	Naoto Soejima	RYO	DEF	72	73
1934	nl2	Itsuki Goto	RYO	FWD	72	73
1934	nl2	Hiroaki Tomioka	RYO	MID	72	73
1934	nl2	Sanat Barua	MAT	MID	72	73
1934	nl2	Ryōta Miyazawa	MAT	MID	71	72
1934	nl2	Rostam Khalili	MAT	MID	71	72
1934	nl2	Tomoki Kameyama	MAT	DEF	69	70
1934	nl2	Sōta Mizoguchi	MAT	FWD	68	69
1934	nl2	Nobuyuki Sakurai	MAT	DEF	70	71
1934	nl2	Yëría Kaché	MAT	MID	73	74
1934	nl2	Kōhei Morisaki	MRG	GK	73	74
1934	nl2	Vilgot Sundkvist	MRG	MID	76	77
1934	nl2	Tomohiro Arimatsu	VAL	FWD	74	75
1934	nl2	Szymon Kowalczyk	VAL	MID	74	75
1934	nl2	Seishirō Ōkubo	VAL	GK	74	69
1934	nl2	Celestino Fiorentini	VAL	DEF	77	74
1934	nl2	Cedric Warburton	VAL	MID	76	73
1934	nl2	Amiya Majumdar	VAL	MID	72	69
1934	nl2	Masaki Numata	VAL	DEF	72	69
1934	nl2	Takumi Sengoku	VAL	MID	72	69
1934	nl2	Gen Suematsu	MRG	MID	76	73
1934	nl2	Shinnosuke Hibino	MRG	DEF	73	70
1934	nl2	Kaspar Eichendorff	BGE	FWD	79	77
1934	nl2	Cory Gallegos	VAL	MID	77	75
1934	nl2	Panting Jugah	VAL	DEF	75	73
1934	nl2	Ryōsuke Kujiraoka	VAL	MID	72	70
1934	nl2	Ayumu Shikano	VAL	FWD	71	69
1934	nl2	Masaharu Kawabata	MRG	DEF	72	70
1934	nl2	Tatsuya Okuyama	MRG	DEF	72	70
1934	nl2	Shinji Tadayama	MRG	FWD	72	70
1934	nl2	Takeo Kinoshita	MRG	DEF	71	69
1934	nl2	Hayato Sagami	MRG	FWD	71	69
1934	nl2	Akira Suenaga	CHU	GK	74	72
1934	nl2	Daiki Moriizumi	CHU	MID	74	72
1934	nl2	Jatin Sudatta	MAT	FWD	73	71
1934	nl2	Kaito Ōkawara	RYO	FWD	71	69
1934	nl2	Yasuhiro Narukawa	VAL	MID	72	71
1934	nl2	Tomer Mizrahi	VAL	DEF	71	70
1934	nl2	Phong Le	VAL	FWD	72	71
1934	nl2	Ryūhei Kuriyama	MRG	MID	73	72
1934	nl2	Akito Namiki	MRG	MID	71	70
1934	nl2	Erfan Rastkar	MRG	DEF	70	69
1934	nl2	Isao Kadokura	MRG	MID	69	68
1934	nl2	Diego Montenegro	CHU	DEF	78	77
1934	nl2	Ryūji Sakanoue	CHU	MID	72	71
1934	nl2	Hajime Natsukawa	CHU	FWD	72	71
1934	nl2	Yūsei Tajima	CHU	DEF	70	69
1934	nl2	Kōta Kanazawa	KAN	DEF	70	69
1934	nl2	Tetsurō Kodaira	KAN	MID	70	69
1934	nl2	Kanji Yokokawa	KOS	MID	69	68
1934	nl2	Manda Ōkubo	KOS	DEF	72	71
1934	nl2	Baluk Cheraga	IFK	DEF	70	69
1934	nl2	Shun Okuda	IFK	MID	68	67
1934	nl2	Yūma Hayami	IFK	FWD	66	65
1934	nl2	Bilan Terauchi	IFK	GK	72	71
1934	nl2	Khagendra Mitra	BGE	DEF	72	71
1934	nl2	Akihisa Chikatsu	BGE	MID	72	71
1934	nl2	Yūhei Samukawa	BGE	MID	70	69
1934	nl2	Ryōta Hamanaka	BGE	MID	70	69
1934	nl2	Fábio Pintassilgo	BGE	MID	74	73
1934	nl2	Reinhold Von Ungern	BGE	MID	73	72
1934	nl2	Jun'ichi Teraoka	RYO	FWD	72	71
1934	nl2	Ren Sasaoka	RYO	MID	71	70
1934	nl2	Shōhei Kazama	RYO	DEF	73	72
1934	nl2	Tomonori Wakiya	RYO	DEF	70	69
1934	nl2	Hiroshi Tsubaki	MAT	MID	71	70
1934	nl2	Tōru Hiraga	MAT	MID	70	69
1934	Alemannische Oberliga	Niklaus Yancy	EIE	DEF	73	77
1934	Alemannische Oberliga	Lex Goebel	EIE	DEF	74	77
1934	Alemannische Oberliga	Senne Teunissen	EIE	DEF	72	75
1934	Alemannische Oberliga	Eckbert Guttenberg	EIE	MID	73	76
1934	Alemannische Oberliga	Kasimir Krantz	EIE	MID	71	74
1934	Alemannische Oberliga	Roland Hoch	EIE	GK	77	79
1934	Alemannische Oberliga	Gottlieb Aue	EIE	DEF	78	80
1934	Alemannische Oberliga	Kunibert Aldenberg	EIE	MID	73	75
1934	Alemannische Oberliga	Till Berge	EIE	FWD	74	76
1934	Alemannische Oberliga	Meine Meissner	EIE	DEF	75	76
1934	Alemannische Oberliga	Pascal Post	EIE	MID	75	76
1934	Alemannische Oberliga	Gottlob Nurmburg	EIE	FWD	79	78
1934	Alemannische Oberliga	Brecht Kasper	EIE	GK	73	72
1934	Alemannische Oberliga	Otmar Jundt	EIE	MID	68	67
1934	Alemannische Oberliga	Gerhardt Tangemann	EIE	MID	71	69
1934	Alemannische Oberliga	Hanne Van Breda	EIE	FWD	74	72
1934	Alemannische Oberliga	Florian Van Can	ARM	FWD	90	91
1934	Alemannische Oberliga	Klaus Bernhard	ARM	GK	87	86
1934	Alemannische Oberliga	Mattieu Donnadieu	ARM	DEF	86	88
1934	Alemannische Oberliga	Tomáš Svoboda	ARM	MID	84	86
1934	Alemannische Oberliga	Efraín Arenas	ARM	DEF	83	84
1934	Alemannische Oberliga	Jakub Dvořák	ARM	MID	83	84
1934	Alemannische Oberliga	Clayton Caldwell	ARM	DEF	82	84
1934	Alemannische Oberliga	Kuzma Zvezdinsky	ARM	MID	82	83
1934	Alemannische Oberliga	Florian Gruber	ARM	DEF	81	83
1934	Alemannische Oberliga	Severin Weyermann	ARM	FWD	81	78
1934	Alemannische Oberliga	Stijn Boelens	ARM	MID	80	84
1934	Alemannische Oberliga	Abe Bosman	ARM	MID	79	77
1934	Alemannische Oberliga	Rodion Prokhorov	ARM	MID	78	75
1934	Alemannische Oberliga	Hartmann Kiefer	ZUR	DEF	76	80
1934	Alemannische Oberliga	Raphael Jung	ZUR	FWD	77	80
1934	Alemannische Oberliga	Hartwin Schwarz	ZUR	MID	76	79
1934	Alemannische Oberliga	Reinhold Weimann	ZUR	MID	76	78
1934	Alemannische Oberliga	Noah Weber	ZUR	FWD	74	76
1934	Alemannische Oberliga	Adalbert Bleier	ZUR	DEF	72	74
1934	Alemannische Oberliga	Augustin Sorg	ZUR	GK	77	78
1934	Alemannische Oberliga	Anton Hersch	ZUR	MID	76	77
1934	Alemannische Oberliga	Wenzeslaus Pfeiffer	ZUR	MID	76	77
1934	Alemannische Oberliga	Pascal Mendel	ZUR	MID	75	76
1934	Alemannische Oberliga	Friedemann Nuremburg	ZUR	DEF	74	75
1934	Alemannische Oberliga	Adam Marks	ZUR	DEF	71	70
1934	Alemannische Oberliga	Bertram Gwerder	ZUR	GK	68	67
1934	Alemannische Oberliga	Severin Adenau	ZUR	MID	69	67
1934	Alemannische Oberliga	Adalbert Süss	ZUR	MID	74	71
1934	Alemannische Oberliga	Marius Plechter	ZUR	FWD	74	70
1934	Alemannische Oberliga	Salvatore Romano	HAN	MID	76	79
1934	Alemannische Oberliga	Emmett Harrison	HAN	DEF	79	81
1934	Alemannische Oberliga	Leon Bierhals	HAN	MID	78	80
1934	Alemannische Oberliga	Narra Catacutan	HAN	DEF	83	85
1934	Alemannische Oberliga	Nathaniel Vitale	HAN	DEF	82	84
1934	Alemannische Oberliga	Vilmos Szilágyi	HAN	FWD	79	80
1934	Alemannische Oberliga	Frederick Peters	HAN	MID	78	79
1934	Alemannische Oberliga	Lisandro Rivas	HAN	MID	78	79
1934	Alemannische Oberliga	Matthias Noack	HAN	GK	88	87
1934	Alemannische Oberliga	Peer Brandes	HAN	MID	76	75
1934	Alemannische Oberliga	Sven Reier	HAN	MID	82	80
1934	Alemannische Oberliga	Gijsbert Troost	HAN	FWD	77	75
1934	Alemannische Oberliga	Nikolaus Scholze	HAN	MID	75	73
1934	Alemannische Oberliga	Ephraim Snyder	HAN	DEF	79	76
1934	Alemannische Oberliga	Kurt Andela	F01	GK	78	79
1934	Alemannische Oberliga	Lucas Jespersen	F01	DEF	78	80
1934	Alemannische Oberliga	Rolf Siemon	F01	MID	78	80
1934	Alemannische Oberliga	Guntram Dirksen	F01	DEF	77	79
1934	Alemannische Oberliga	Jan Svendsen	F01	DEF	77	76
1934	Alemannische Oberliga	Manfred Frankenstein	F01	DEF	76	79
1934	Alemannische Oberliga	Sikke Pauwels	F01	MID	76	78
1934	Alemannische Oberliga	Oswald Lange	F01	MID	76	77
1934	Alemannische Oberliga	Otmar Loritz	F01	FWD	76	77
1934	Alemannische Oberliga	Damian Assenberg	F01	MID	75	78
1934	Alemannische Oberliga	Maxi Hintzen	F01	FWD	75	79
1934	Alemannische Oberliga	Till Gärtner	F01	DEF	75	73
1934	Alemannische Oberliga	Ewoud Arkes	F01	MID	75	72
1934	Alemannische Oberliga	Klaus Jonasen	F01	FWD	73	75
1934	Alemannische Oberliga	Rochus Sneijer	F01	MID	72	71
1934	Alemannische Oberliga	Marvin Oppenheimer	E02	GK	75	79
1934	Alemannische Oberliga	Chris Weimann	E02	DEF	79	81
1934	Alemannische Oberliga	Wilfried Sorge	E02	MID	78	80
1934	Alemannische Oberliga	Frans Cuijpers	E02	FWD	78	80
1934	Alemannische Oberliga	Johan Weinertitz	E02	DEF	74	76
1934	Alemannische Oberliga	Rafaël Altena	E02	DEF	77	78
1934	Alemannische Oberliga	Stephan Kiefer	E02	MID	78	79
1934	Alemannische Oberliga	Sascha Van Middlesworth	E02	DEF	80	79
1934	Alemannische Oberliga	Kay Wilms	E02	FWD	77	76
1934	Alemannische Oberliga	Adolf Grimm	E02	FWD	77	76
1934	Alemannische Oberliga	Dirk Thälmann	E02	MID	73	71
1934	Alemannische Oberliga	Lorens Christensen	SPA	MID	74	77
1934	Alemannische Oberliga	Thor Andresen	SPA	FWD	82	84
1934	Alemannische Oberliga	Ole Toft	SPA	FWD	79	81
1934	Alemannische Oberliga	Ime Paulsen	SPA	MID	83	84
1934	Alemannische Oberliga	Ane Ludvigsen	SPA	DEF	78	79
1934	Alemannische Oberliga	Hauke Olesen	SPA	MID	78	79
1934	Alemannische Oberliga	Palle Alma	SPA	DEF	76	77
1934	Alemannische Oberliga	Leif Abel	SPA	DEF	75	76
1934	Alemannische Oberliga	Meine Carlsen	SPA	DEF	79	78
1934	Alemannische Oberliga	Filip Kartensen	SPA	FWD	76	75
1934	Alemannische Oberliga	Oscar Carstensen	SPA	FWD	74	73
1934	Alemannische Oberliga	Stig Van Wieren	SPA	DEF	74	72
1934	Alemannische Oberliga	Remme Thorsen	SPA	MID	74	72
1934	Alemannische Oberliga	Gabriel Tesařík	PRA	GK	79	76
1934	Alemannische Oberliga	Edvard Janíček	PRA	DEF	78	75
1934	Alemannische Oberliga	Hubert Hašek	PRA	FWD	78	80
1934	Alemannische Oberliga	Jindra Chalupník	PRA	DEF	77	76
1934	Alemannische Oberliga	Július Bernard	PRA	MID	77	78
1934	Alemannische Oberliga	Tadeáš Šimon	PRA	MID	77	76
1934	Alemannische Oberliga	Oliver Bárta	PRA	FWD	77	76
1934	Alemannische Oberliga	Ctirad Ševčík	PRA	DEF	76	77
1934	Alemannische Oberliga	Lubor Hlaváček	PRA	MID	76	78
1934	Alemannische Oberliga	Ignác Jelen	PRA	DEF	76	78
1934	Alemannische Oberliga	Timotej Sedlák	PRA	DEF	75	73
1934	Alemannische Oberliga	Drahoslav Pešek	PRA	MID	75	73
1934	Alemannische Oberliga	Uwe Daube	VSC	MID	82	79
1934	Alemannische Oberliga	Radim Mueller	VSC	GK	81	78
1934	Alemannische Oberliga	Florian Černík	VSC	DEF	79	77
1934	Alemannische Oberliga	Gernot Falkenrath	VSC	MID	78	80
1934	Alemannische Oberliga	Rolf Gärtner	VSC	MID	78	79
1934	Alemannische Oberliga	Wieland Hummel	VSC	FWD	78	79
1934	Alemannische Oberliga	Oto Vacek	VSC	FWD	78	79
1934	Alemannische Oberliga	Jaro Reis	VSC	DEF	78	79
1934	Alemannische Oberliga	Matthäus Polák	VSC	DEF	75	77
1934	Alemannische Oberliga	Havel Landau	VSC	MID	75	72
1934	Alemannische Oberliga	Marwin Kadlec	VSC	DEF	74	72
1934	Alemannische Oberliga	Guntram Löwe	VSC	FWD	74	71
1934	Alemannische Oberliga	Sieuwerd Beumers	BTV	FWD	76	80
1934	Alemannische Oberliga	Otto Pander	BTV	FWD	71	74
1934	Alemannische Oberliga	Levin Rosenburg	BTV	GK	70	72
1934	Alemannische Oberliga	Marco Schulthiess	BTV	MID	77	79
1934	Alemannische Oberliga	Wolf Ohme	BTV	MID	76	77
1934	Alemannische Oberliga	Joop Lauwens	BTV	MID	75	76
1934	Alemannische Oberliga	Cor Brutz	BTV	DEF	74	75
1934	Alemannische Oberliga	Ove Beck	BTV	MID	74	75
1934	Alemannische Oberliga	Dan Bernhard	BTV	DEF	72	73
1934	Alemannische Oberliga	Steffen Schütze	BTV	DEF	77	76
1934	Alemannische Oberliga	Otto Kühn	BTV	DEF	75	74
1934	Alemannische Oberliga	Alf Alberink	BTV	DEF	70	69
1934	Alemannische Oberliga	Eskil Petersen	BTV	MID	72	70
1934	Alemannische Oberliga	Ivo Schumacher	BTV	FWD	71	69
1934	Alemannische Oberliga	Erik Bothe	BTV	MID	68	66
1934	Alemannische Oberliga	Boda Harns	VEY	GK	78	82
1934	Alemannische Oberliga	Fabian Knef	VEY	FWD	78	81
1934	Alemannische Oberliga	Pirmin Falk	VEY	DEF	79	81
1934	Alemannische Oberliga	Johann Wildgrube	VEY	FWD	78	80
1934	Alemannische Oberliga	Helmar Sauber	VEY	MID	74	76
1934	Alemannische Oberliga	Dieter Schwinghammer	VEY	MID	79	78
1934	Alemannische Oberliga	Gero Wehunt	VEY	DEF	77	76
1934	Alemannische Oberliga	Jupp Neumann	VEY	DEF	76	75
1934	Alemannische Oberliga	Adi Hahn	VEY	MID	75	74
1934	Alemannische Oberliga	Alfons Haas	VEY	MID	72	71
1934	Alemannische Oberliga	Goonbert House	VEY	DEF	70	69
1934	Alemannische Oberliga	Dietmar Ebner	VEY	DEF	77	76
1934	Alemannische Oberliga	Ulf Gotti	VEY	MID	73	71
1934	Alemannische Oberliga	Denis Walkenhorst	VEY	FWD	73	71
1934	Alemannische Oberliga	Magnus Beltz	VEY	MID	72	69
1934	Alemannische Oberliga	Michi Süss	FRM	MID	77	80
1934	Alemannische Oberliga	Erich Rot	FRM	MID	77	80
1934	Alemannische Oberliga	Guntram Falkner	FRM	GK	75	77
1934	Alemannische Oberliga	Luitpolt Hubert	FRM	MID	79	80
1934	Alemannische Oberliga	Eugen Baumgärtner	FRM	DEF	75	76
1934	Alemannische Oberliga	Eric Jäger	FRM	FWD	72	71
1934	Alemannische Oberliga	Wolf Wehunt	FRM	DEF	72	71
1934	Alemannische Oberliga	Luitger Lange	FRM	DEF	79	77
1934	Alemannische Oberliga	Thorsten Blumenthal	FRM	FWD	79	77
1934	Alemannische Oberliga	Josef Schulze	FRM	MID	76	74
1934	Alemannische Oberliga	Timo Habich	FRM	DEF	73	71
1934	Alemannische Oberliga	Noah Wendell	FRM	MID	72	70
1934	Alemannische Oberliga	Ruprecht Scheer	FRM	MID	71	69
1934	Alemannische Oberliga	Dirk Spannagel	BAI	MID	78	80
1934	Alemannische Oberliga	Jupp Göbel	BAI	FWD	77	78
1934	Alemannische Oberliga	Markus Abraham	BAI	MID	76	77
1934	Alemannische Oberliga	Herwig Keil	BAI	GK	82	80
1934	Alemannische Oberliga	Manfred Beckenbauer	BAI	DEF	76	75
1934	Alemannische Oberliga	Gottfried Hüber	BAI	MID	76	75
1934	Alemannische Oberliga	Valentin Kästner	BAI	DEF	75	74
1934	Alemannische Oberliga	Linus Krauss	BAI	DEF	72	71
1934	Alemannische Oberliga	Augustin Langer	BAI	MID	79	77
1934	Alemannische Oberliga	Uwe Unkle	BAI	DEF	78	76
1934	Alemannische Oberliga	Pascal Halle	BAI	DEF	78	76
1934	Alemannische Oberliga	Jonatan Peters	BAI	MID	73	71
1934	Alemannische Oberliga	Marzell Becke	BAI	MID	73	71
1934	Alemannische Oberliga	Silvan Rosenfeld	BAI	MID	78	75
1934	Alemannische Oberliga	Milan Paul	BAI	FWD	77	73
1934	Alemannische Oberliga	Erni Bachmann	STU	DEF	78	77
1934	Alemannische Oberliga	Lothar Höfler	STU	MID	78	80
1934	Alemannische Oberliga	Denis Lewerenz	STU	GK	77	75
1934	Alemannische Oberliga	Hans-Joachim Enns	STU	MID	77	75
1934	Alemannische Oberliga	Jaron Horn	STU	DEF	76	75
1934	Alemannische Oberliga	Humbert Baumann	STU	MID	74	77
1934	Alemannische Oberliga	Stav Wegener	STU	DEF	73	76
1934	Alemannische Oberliga	Gotthilf Brinkerhoff	STU	FWD	72	76
1934	Alemannische Oberliga	Akiva Schumacher	STU	DEF	71	72
1934	Alemannische Oberliga	Bernd Müller	STU	MID	71	75
1934	Alemannische Oberliga	Kai Vonnegut	STU	DEF	71	70
1934	Alemannische Oberliga	Noga Bumgardner	STU	MID	70	72
1934	Alemannische Oberliga	Till Höffler	STU	MID	70	68
1934	Alemannische Oberliga	Guntram Jung	STU	FWD	69	68
1934	Alemannische Oberliga	Deror Friedrich	STU	MID	68	67
1934	Alemannische Oberliga	Bruno Sommer	VPR	GK	73	76
1934	Alemannische Oberliga	Barnabas Henning	VPR	FWD	78	80
1934	Alemannische Oberliga	Maria Adenauer	VPR	MID	76	77
1934	Alemannische Oberliga	Tadeáš Fischer	VPR	DEF	79	78
1934	Alemannische Oberliga	Otto Slusser	VPR	DEF	78	77
1934	Alemannische Oberliga	Kord Gross	VPR	DEF	77	76
1934	Alemannische Oberliga	Conrad Von Gimmelshausen	VPR	MID	78	77
1934	Alemannische Oberliga	Erik Krämer	VPR	MID	78	76
1934	Alemannische Oberliga	Eric Hass	VPR	MID	75	73
1934	Alemannische Oberliga	Humbert Herzog	VPR	DEF	75	73
1934	Alemannische Oberliga	Liam Slovák	VPR	FWD	72	70
1934	Alemannische Oberliga	Heinrich Krausser	VPR	DEF	78	75
1934	Alemannische Oberliga	Mirek Wirner	VPR	MID	75	72
1934	Alemannische Oberliga	Kryštof Wolf	VPR	MID	73	70
1934	Alemannische Oberliga	Conrad Bauer	LEI	MID	87	84
1934	Alemannische Oberliga	Made Djelantik	LEI	FWD	84	80
1934	Alemannische Oberliga	Cosimo Colombo	LEI	FWD	80	78
1934	Alemannische Oberliga	Robert Kirchner	LEI	GK	79	76
1934	Alemannische Oberliga	Levente Kovács	LEI	DEF	79	77
1934	Alemannische Oberliga	Cayetano Montoya	LEI	DEF	79	78
1934	Alemannische Oberliga	Desmond Benally	LEI	MID	79	78
1934	Alemannische Oberliga	Bernardo Figueira	LEI	FWD	79	78
1934	Alemannische Oberliga	Thomas Waldhaus	LEI	DEF	78	80
1934	Alemannische Oberliga	Juvenal Vera	LEI	MID	78	81
1934	Alemannische Oberliga	Gregor Altmann	LEI	FWD	78	75
1934	Alemannische Oberliga	Leoš Sládek	LEI	DEF	77	75
1934	Alemannische Oberliga	Younès Zerhouni	LEI	MID	77	73
1934	Alemannische Oberliga	Koenraad Jonkheer	RND	FWD	74	77
1934	Alemannische Oberliga	Lenn Van Buren	RND	MID	78	79
1934	Alemannische Oberliga	Antoon Arntzen	RND	MID	77	78
1934	Alemannische Oberliga	Joost Ramaker	RND	FWD	74	75
1934	Alemannische Oberliga	Stan Simons	RND	MID	78	77
1934	Alemannische Oberliga	Ivo Van Daele	RND	DEF	73	72
1934	Alemannische Oberliga	Han Lucas	RND	DEF	79	77
1934	Alemannische Oberliga	Jozef Haenraets	RND	MID	78	76
1934	Alemannische Oberliga	Mannes Timmermans	RND	MID	75	73
1934	Alemannische Oberliga	Cees Marquering	RND	FWD	73	71
1934	Alemannische Oberliga	Ewout De Land	RND	DEF	72	70
1934	Alemannische Oberliga	Rob Wilms	RND	DEF	78	75
1934	Alemannische Oberliga	Adriaan Meeuwes	RND	GK	77	74
1934	Alemannische Oberliga	Jozef Cloet	RND	MID	72	69
1934	Alemannische Oberliga	Siegbert Müller	NUR	GK	80	79
1934	Alemannische Oberliga	Kuno Unruh	NUR	DEF	78	77
1934	Alemannische Oberliga	Steffen Diefenbach	NUR	MID	78	75
1934	Alemannische Oberliga	Erwin Braband	NUR	DEF	77	75
1934	Alemannische Oberliga	Jupp Hofmeister	NUR	MID	77	76
1934	Alemannische Oberliga	Alex Ebbe	NUR	MID	75	73
1934	Alemannische Oberliga	Emmerich Sauber	NUR	FWD	75	73
1934	Alemannische Oberliga	Raffael Beitel	NUR	FWD	75	77
1934	Alemannische Oberliga	Jockel Königsmann	NUR	MID	75	74
1934	Alemannische Oberliga	Gisbert Jahns	NUR	MID	73	72
1934	Alemannische Oberliga	Alfred Beckert	NUR	MID	73	71
1934	Alemannische Oberliga	Elias Kaumann	NUR	DEF	72	70
1934	Alemannische Oberliga	Tilo Burgstaller	NUR	MID	71	70
1934	Alemannische Oberliga	Eckbert Wendel	NUR	FWD	70	67
1934	General Rebalance	Daigo Takanashi	SPK	DEF	84	83
1934	General Rebalance	Olander Strandberg	SPK	DEF	80	82
1934	General Rebalance	Marcello La Barca	SPK	MID	80	82
1934	General Rebalance	Nikolaos Papadopoulos	VIR	GK	80	85
1934	General Rebalance	Teguh Setiawan	VIR	DEF	80	81
1934	General Rebalance	Epaminondas Mavromatis	SHZ	MID	77	78
1934	General Rebalance	Daichi Komatsubara	SHZ	MID	78	79
1934	General Rebalance	Selçuk Demirci	FCH	MID	76	78
1934	General Rebalance	Tibor Fazékas	AYA	MID	73	74
1934	General Rebalance	Semyon Volkov	TAK	GK	74	76
1934	General Rebalance	Gvidas Rimkevičius	TAK	DEF	75	77
1934	General Rebalance	Muzaffer Doğan	KOS	DEF	74	77
1934	General Rebalance	Keigo Ikeda	SHR	DEF	73	75
1934	General Rebalance	Anirban Goswami	SHR	DEF	73	74
1934	General Rebalance	Adrien Beausoleil	TOY	MID	72	74
1934	General Rebalance	Asahi Nishioka	ASH	FWD	77	78
1934	General Rebalance	Eito Dōmeki	MAK	MID	74	78
1934	General Rebalance	Fionn Larraghy	ASH	MID	74	75
1934	General Rebalance	Igor Novikov	DYM	MID	74	79
1934	General Rebalance	Keigo Machida	ISS	DEF	78	80
1934	General Rebalance	Kengo Okitsu	DYM	MID	74	76
1934	General Rebalance	Kenichi Mitsui	DYM	FWD	90	89
1934	General Rebalance	Kenzō Fujinami	KOS	GK	74	75
1934	General Rebalance	Luca Higashiyama	VIR	MID	91	90
1934	General Rebalance	Masaki Togawa	TAK	DEF	75	76
1934	General Rebalance	Miltiadis Galanis	VIR	FWD	91	90
1934	General Rebalance	Naoto Umenokōji	ISS	DEF	79	81
1934	General Rebalance	Nuno Gouveia	SPK	MID	80	81
1934	General Rebalance	Ryland Nash	SSK	FWD	76	78
1934	General Rebalance	Ryōhei Ikegaya	KAN	DEF	71	73
1934	General Rebalance	Ryōhei Ōtake	KOS	DEF	75	76
1934	General Rebalance	Ryūnosuke Tōdō	VIR	FWD	75	78
1934	General Rebalance	Seishirō Amane	VIR	DEF	77	78
1934	General Rebalance	Serafim Correia	ISS	MID	76	79
1934	General Rebalance	Shigematsu Sato	KAN	FWD	74	75
1934	General Rebalance	Shūji Kannazuki	KAN	GK	78	79
1934	General Rebalance	Susumu Kikkawa	KOS	DEF	76	77
1934	General Rebalance	Séamus Ó'Duinnín	MAT	FWD	70	73
1934	General Rebalance	Sélim Bouziane	SAT	DEF	77	78
1934	General Rebalance	Taiga Bashira	DYM	FWD	90	89
1934	General Rebalance	Teppei Motohashi	DYM	DEF	76	77
1934	General Rebalance	Tsuyoshi Mikuriya	ASH	DEF	72	74
1934	General Rebalance	Tōru Chikuami	TAK	DEF	74	75
1934	General Rebalance	Vladimír Králik	MAK	DEF	74	77
1934	International Football	Khumba Chari	AAD	FWD	40	37
1934	International Football	Nayuka Patchila	AAD	GK	40	37
1934	International Football	Aluk Enam	AAD	FWD	35	36
1934	International Football	Gustav Sedláček	AAD	MID	42	41
1934	International Football	Isak Nanlong	AAD	MID	41	42
1934	International Football	Pau Atong	AAD	DEF	40	39
1934	International Football	Thura Maung	AAD	MID	37	38
1934	International Football	Amaury Cousteau	ABB	FWD	68	66
1934	International Football	Armand Picard	ABB	FWD	64	62
1934	International Football	Boualem Hamraoui	ABB	MID	68	66
1934	International Football	Chérif Guerroudj	ABB	FWD	73	71
1934	International Football	Hamza Benali	ABB	GK	66	64
1934	International Football	Lakhdar Meziane	ABB	FWD	66	68
1934	International Football	Gaston Fabre	ABB	MID	65	64
1934	International Football	Koceïla Idir	ABB	MID	66	65
1934	International Football	Ouahid Rahmani	ABB	MID	65	64
1934	International Football	Tahar Djaballah	ABB	DEF	70	69
1934	International Football	Yacine Belkacem	ABB	FWD	66	65
1934	International Football	Kabiru Mainasara	ACS	FWD	60	57
1934	International Football	Garba Magaji	ACS	FWD	57	55
1934	International Football	Lawan Zanna	ACS	FWD	53	55
1934	International Football	Martial Lefèvre	ACS	DEF	60	62
1934	International Football	Nuhu Maina	ACS	MID	59	61
1934	International Football	Bukar Dalori	ACS	DEF	56	57
1934	International Football	Ibrahim Galadima	ACS	GK	58	57
1934	International Football	Idrissa Sokoto	ACS	FWD	55	54
1934	International Football	Nasiru Kaura	ACS	FWD	55	56
1934	International Football	Yakubu Dattijo	ACS	FWD	59	58
1934	International Football	Xebat Hawrami	ADV	FWD	69	67
1934	International Football	Azad Doski	ADV	DEF	70	69
1934	International Football	Fouad Tikriti	ADV	FWD	66	67
1934	International Football	Ghaith Musawi	ADV	DEF	70	69
1934	International Football	Jangir Barwari	ADV	DEF	70	71
1934	International Football	Kerem Janabi	ADV	GK	73	74
1934	International Football	Mariwan Nerweyi	ADV	DEF	68	67
1934	International Football	Peshraw Rekabi	ADV	FWD	66	65
1934	International Football	Viktor Kohlmann	ADV	MID	68	67
1934	International Football	Daan Mulder	AED	MID	60	58
1934	International Football	Eleu Pokipala	AED	FWD	61	59
1934	International Football	Ikaika Makoa	AED	DEF	61	59
1934	International Football	Jonah Kupihea	AED	FWD	54	56
1934	International Football	Lono Kekoa	AED	FWD	58	60
1934	International Football	Pono Nainoa	AED	MID	59	61
1934	International Football	Finau Mahoe	AED	MID	55	56
1934	International Football	Gerrit Van Leeuwen	AED	DEF	58	59
1934	International Football	Manu Kawelo	AED	FWD	56	55
1934	International Football	Nakoa Kealoha	AED	DEF	60	59
1934	International Football	Ulu Piipiilani	AED	MID	57	58
1934	International Football	Aram Keshishyan	AEK	FWD	56	58
1934	International Football	Armand Delaunay	AEK	MID	56	57
1934	International Football	Giorgi Tskhovreba	AEK	MID	56	57
1934	International Football	Nikoloz Nadaraia	AEK	GK	59	58
1934	International Football	Otar Tvalchrelidze	AEK	DEF	59	58
1934	International Football	Toghrul Bakhshiyev	AEK	DEF	64	65
1934	International Football	Ildefonso Morón	AEM	FWD	56	58
1934	International Football	Khalil Alami	AEM	MID	54	56
1934	International Football	Montasir El Andaloussi	AEM	DEF	64	62
1934	International Football	Soufiane Lahlou	AEM	FWD	55	57
1934	International Football	Heliodoro Medina	AEM	DEF	62	61
1934	International Football	Noureddine Mansouri	AEM	MID	55	56
1934	International Football	Rachid Benchekroun	AEM	DEF	62	61
1934	International Football	Taoufik Amrani	AEM	MID	54	55
1934	International Football	Wolfgang Steinberg	AGN	FWD	52	49
1934	International Football	Joseph Nanau	AGN	GK	50	48
1934	International Football	Philemon Iroga	AGN	FWD	48	46
1934	International Football	Tomas Meka	AGN	DEF	49	47
1934	International Football	Benaiah Taupongi	AGN	MID	50	49
1934	International Football	Ewald Kessler	AGN	DEF	48	49
1934	International Football	Hedley Kabutaulaka	AGN	DEF	52	53
1934	International Football	Nathaniel Suifua	AGN	MID	49	50
1934	International Football	Inti Loncón	AKG	FWD	57	59
1934	International Football	Nawel Ñanculef	AKG	DEF	58	60
1934	International Football	Pier Hoekstra	AKG	MID	58	60
1934	International Football	Diethelm Brunner	AKG	DEF	56	57
1934	International Football	Gerben Verhoeven	AKG	DEF	55	56
1934	International Football	Kurt Eberle	AKG	FWD	54	55
1934	International Football	Orkeke Inacayal	AKG	FWD	59	58
1934	International Football	Wanguelen Sayhueque	AKG	MID	56	57
1934	International Football	Aloysius Kaviu	AKN	DEF	58	60
1934	International Football	Benedict To Warai	AKN	FWD	54	56
1934	International Football	Jaroslav Navrátil	AKN	MID	62	64
1934	International Football	Manasseh Tamate	AKN	MID	57	59
1934	International Football	Raphael Simet	AKN	FWD	59	61
1934	International Football	Ferdinand Steiner	AKN	DEF	60	61
1934	International Football	Nathan Lavuka	AKN	MID	56	57
1934	International Football	Notini Tikana	AKN	GK	59	60
1934	International Football	Oskar Berger	AKN	MID	60	61
1934	International Football	Silas Vatom	AKN	MID	58	59
1934	International Football	Titus Turuk	AKN	DEF	57	56
1934	International Football	Mahendra Singh	ANB	DEF	54	56
1934	International Football	Ratu Baleiwai	ANB	FWD	52	50
1934	International Football	Ilaitia Titifanue	ANB	MID	53	54
1934	International Football	Kolinio Rigamoto	ANB	FWD	54	53
1934	International Football	Napolioni Tikoisuva	ANB	MID	57	56
1934	International Football	Sitiveni Seruvakula	ANB	DEF	56	55
1934	International Football	Théophile Thibault	ANB	MID	56	55
1934	International Football	Usaia Veitayaki	ANB	FWD	50	49
1934	International Football	Viliame Latianara	ANB	FWD	54	55
1934	International Football	Albrecht Von Haast	ANH	MID	66	68
1934	International Football	Eruera Waititi	ANH	FWD	69	71
1934	International Football	Gareth Tipene	ANH	GK	62	64
1934	International Football	Kurt Mueller	ANH	DEF	65	67
1934	International Football	Matthias Becker	ANH	MID	65	63
1934	International Football	Pita Rata	ANH	FWD	65	67
1934	International Football	Rolf Hoffmann	ANH	DEF	66	64
1934	International Football	Ernst Braunschweig	ANH	MID	62	63
1934	International Football	Fraser Te Rangi	ANH	DEF	64	63
1934	International Football	Hone Wihongi	ANH	MID	64	63
1934	International Football	Judah Rangitāne	ANH	DEF	65	66
1934	International Football	Otene Kereopa	ANH	FWD	61	60
1934	International Football	Asela Dissanayake	ARU	MID	62	60
1934	International Football	Dhanushkodi Thuraisingam	ARU	FWD	63	65
1934	International Football	Murugan Shivaswamy	ARU	DEF	61	59
1934	International Football	Prasanna Abeywardena	ARU	FWD	58	56
1934	International Football	Raveendran Unnithan	ARU	MID	60	62
1934	International Football	Kasun Gunawardena	ARU	DEF	60	59
1934	International Football	Oviyan Venkataraman	ARU	MID	61	60
1934	International Football	Senthil Thiruvengadam	ARU	DEF	62	63
1934	International Football	Thirumal Annamalai	ARU	GK	61	62
1934	International Football	Vigneswaran Arulampalam	ARU	DEF	59	60
1934	International Football	Waalitj Bropho	ARU	FWD	55	54
1934	International Football	Herman Kogoya	ASG	GK	42	38
1934	International Football	Weynand Pakage	ASG	DEF	43	40
1934	International Football	Dominggus Imbiri	ASG	FWD	42	40
1934	International Football	Isak Wetipo	ASG	DEF	42	40
1934	International Football	Joost Brouwer	ASG	DEF	40	38
1934	International Football	Eliezer Desap	ASG	MID	40	41
1934	International Football	Kornelis Wenda	ASG	MID	39	40
1934	International Football	Melky Mote	ASG	FWD	37	38
1934	International Football	Neles Wanimbo	ASG	MID	41	42
1934	International Football	Teunis Slootman	ASG	MID	39	40
1934	International Football	Yulius Mabel	ASG	DEF	38	39
1934	International Football	Yustus Tekege	ASG	MID	44	45
1934	International Football	Rolihlahla Mbeki	ASP	FWD	68	64
1934	International Football	Enhle Khumalo	ASP	DEF	68	66
1934	International Football	Mlungisi Ndlovu	ASP	DEF	68	70
1934	International Football	Rhulani Khouza	ASP	FWD	68	70
1934	International Football	Bonginkosi Mthembou	ASP	FWD	66	65
1934	International Football	Celani Buthelézi	ASP	DEF	74	73
1934	International Football	Jabulani Dlamini	ASP	GK	69	70
1934	International Football	Jomo Mocoéna	ASP	DEF	68	69
1934	International Football	Pitso Modisé	ASP	MID	66	65
1934	International Football	Siyabonga Mazibouko	ASP	FWD	67	66
1934	International Football	Tshepo Motaung	ASP	FWD	67	68
1934	International Football	Vusumuzi Zoulou	ASP	MID	68	67
1934	International Football	Iraklis Christodoulou	AST	FWD	72	74
1934	International Football	Aristeidis Georgiou	AST	DEF	74	75
1934	International Football	Charalambos Angelopoulos	AST	FWD	71	72
1934	International Football	Kleanthis Paleologos	AST	DEF	73	72
1934	International Football	Odysseas Katsaros	AST	MID	72	71
1934	International Football	Prokopis Karagiannis	AST	MID	73	74
1934	International Football	Xenophon Samaras	AST	MID	71	70
1934	International Football	Yorgos Moustakellis	AST	FWD	70	71
1934	International Football	Biidaaban Manitowabi	ATA	FWD	61	59
1934	International Football	Donat Obomsawin	ATA	DEF	59	61
1934	International Football	Firmino Varela	ATA	DEF	62	64
1934	International Football	Keesic Nottaway	ATA	MID	60	58
1934	International Football	Aandeg Debaasige	ATA	GK	61	62
1934	International Football	Clifton Papatie	ATA	MID	62	61
1934	International Football	Duarte Mesquita	ATA	MID	58	59
1934	International Football	Elwood Wagamese	ATA	MID	63	64
1934	International Football	Giizis Wemigwans	ATA	DEF	60	61
1934	International Football	Makwa Kijiko	ATA	DEF	57	58
1934	International Football	Mateus Herrera	ATA	DEF	62	61
1934	International Football	Ogimaa Panadis	ATA	MID	57	58
1934	International Football	Zhaawan Commanda	ATA	FWD	58	59
1934	International Football	Duy Tran	ATK	DEF	73	71
1934	International Football	Janh Nguyen	ATK	GK	74	76
1934	International Football	Sang Pham	ATK	MID	73	75
1934	International Football	Gia Bui	ATK	DEF	71	70
1934	International Football	Huy Luong	ATK	MID	71	72
1934	International Football	Manh Ton That	ATK	DEF	73	74
1934	International Football	Quang Đinh	ATK	MID	72	73
1934	International Football	Thinh Dang	ATK	MID	72	71
1934	International Football	Enamul Islam	AWB	DEF	65	63
1934	International Football	Humayun Piker	AWB	MID	70	72
1934	International Football	Jahangir Hossain	AWB	DEF	67	65
1934	International Football	Kamal Rahman	AWB	GK	64	66
1934	International Football	Palash Bhuiyan	AWB	FWD	68	70
1934	International Football	Chanchal Ahmed	AWB	DEF	66	65
1934	International Football	Didar Sikder	AWB	MID	67	68
1934	International Football	Rofiqul Khandaker	AWB	FWD	67	66
1934	International Football	Rubel Munshi	AWB	FWD	64	63
1934	International Football	Yingjie Ma	AXE	DEF	54	51
1934	International Football	Enkhbold Tsendbaatar	AXE	FWD	57	59
1934	International Football	Bilguun Bat-Erdene	AXE	GK	55	54
1934	International Football	Dambiin Dorzhiev	AXE	DEF	56	57
1934	International Football	Kaiwen Ding	AXE	FWD	55	54
1934	International Football	Radna Tsydypov	AXE	MID	53	54
1934	International Football	Kannan Kurup	CAH	FWD	74	76
1934	International Football	Vidi Sastrowardoyo	CAH	MID	72	70
1934	International Football	Bagus Hartono	CAH	MID	72	73
1934	International Football	Cyprian Kulleh	CAH	FWD	71	72
1934	International Football	Eliezer Bansa	CAH	MID	73	74
1934	International Football	Jehezkiel Lawai	CAH	DEF	74	75
1934	International Football	Nyoman Suarjana	CAH	FWD	74	73
1934	International Football	Panting Jugah	CAH	DEF	73	72
1934	International Football	Ruben Sihombing	CAH	MID	72	71
1934	International Football	Wahyu Wibowo	CAH	MID	74	73
1934	International Football	Édouard Szymański	COR	MID	74	76
1934	International Football	Bolesław Kwiatkowski	COR	FWD	70	69
1934	International Football	Radosław Gołębiowski	COR	FWD	72	73
1934	International Football	Sławomir Jędrzejczyk	COR	MID	73	72
1934	International Football	Egor Goryunov	CSK	FWD	73	71
1934	International Football	Fyodor Korsakov	CSK	MID	72	70
1934	International Football	Namsarai Ayusheev	CSK	MID	74	76
1934	International Football	Dávid Pataky	DTK	GK	71	73
1934	International Football	Miklós Szlitlán	DTK	DEF	71	73
1934	International Football	Nimród Somogyi	DTK	FWD	70	72
1934	International Football	Sándor Teleki	DTK	DEF	70	72
1934	International Football	Csongor Pásztor	DTK	DEF	67	66
1934	International Football	Koppány Tálcásy	DTK	MID	71	72
1934	International Football	Lukács Rózsa	DTK	DEF	69	68
1934	International Football	Lőrincz Orbán	DTK	MID	73	72
1934	International Football	Milán Szentesy	DTK	MID	70	69
1934	International Football	Zsombor Nyitráv	DTK	MID	74	75
1934	International Football	Dirk Thälmann	E02	MID	71	70
1934	International Football	Geert Winklers	E02	FWD	74	75
1934	International Football	Mwalé Löpwi	ENC	FWD	50	47
1934	International Football	William Bwemara	ENC	GK	52	49
1934	International Football	Douglas MacKenzie	ENC	DEF	50	48
1934	International Football	Jobi Paoume	ENC	FWD	52	50
1934	International Football	Kasi Hnamano	ENC	DEF	53	54
1934	International Football	Nidoïsh Naisseline	ENC	MID	54	53
1934	International Football	Poindi Kabar	ENC	MID	52	53
1934	International Football	Ramsay Sutherland	ENC	MID	53	54
1934	International Football	Ézéchiel Tein	ENC	MID	48	49
1934	International Football	Kailash Rath	ENR	DEF	66	63
1934	International Football	Archibald Bamford	ENR	MID	67	69
1934	International Football	Bhagaban Pradhan	ENR	MID	64	66
1934	International Football	Rupert Cavendish	ENR	DEF	69	67
1934	International Football	Clive Forsyth	ENR	FWD	63	62
1934	International Football	Fulgens Tirkey	ENR	DEF	66	65
1934	International Football	Gyan Hansda	ENR	MID	67	68
1934	International Football	Lakhan Hembrom	ENR	MID	65	66
1934	International Football	Madhusudan Patnaik	ENR	FWD	70	69
1934	International Football	Nilambar Senapati	ENR	FWD	69	68
1934	International Football	Somaru Markam	ENR	DEF	65	64
1934	International Football	Fengqi Lu	FUR	MID	71	73
1934	International Football	Hengbo Liu	FUR	DEF	74	76
1934	International Football	Liang Wu	FUR	DEF	72	74
1934	International Football	Qiang Zhu	FUR	MID	72	74
1934	International Football	Xiang Qian	FUR	DEF	72	74
1934	International Football	Hanwen Qiu	FUR	MID	71	72
1934	International Football	Haoran Peng	FUR	MID	73	74
1934	International Football	Mingzhe Xiong	FUR	DEF	74	73
1934	International Football	Ning Jiang	FUR	FWD	70	71
1934	International Football	Tianyu Gu	FUR	MID	74	75
1934	International Football	Yicheng Tan	FUR	MID	70	69
1934	International Football	Zhiyuan Fang	FUR	MID	70	71
1934	International Football	Anton Orlov	GIA	DEF	70	68
1934	International Football	Gleb Vorontsov	GIA	MID	71	73
1934	International Football	Timur Iskanderov	GIA	MID	72	74
1934	International Football	Dmitry Belov	GIA	DEF	70	71
1934	International Football	Maxim Fedorov	GIA	DEF	71	70
1934	International Football	Nikolai Lebedev	GIA	MID	71	72
1934	International Football	Roman Stepanov	GIA	DEF	70	69
1934	International Football	Tolib Rahimov	GIA	MID	70	69
1934	International Football	Ural Yusupov	GIA	MID	72	73
1934	International Football	Yuri Bogdanov	GIA	MID	70	71
1934	International Football	Changming Zhao	GUA	MID	74	72
1934	International Football	Wenkai Zhao	GUA	MID	73	75
1934	International Football	Yuan Li	GUA	DEF	70	68
1934	International Football	Zhihao Tang	GUA	MID	69	71
1934	International Football	Haoyu Shi	GUA	MID	70	69
1934	International Football	Weilin Fu	GUA	MID	70	69
1934	International Football	Yuxuan Cui	GUA	FWD	70	71
1934	International Football	Zixuan Wang	GUA	GK	71	72
1934	International Football	Darsing Teron	GUP	FWD	59	56
1934	International Football	Swrang Narzary	GUP	DEF	61	59
1934	International Football	Amarjyoti Bhuyan	GUP	FWD	62	63
1934	International Football	Gusztáv Molnár	GUP	DEF	62	63
1934	International Football	Jenő Szántó	GUP	FWD	58	59
1934	International Football	Khagen Basumatary	GUP	DEF	60	61
1934	International Football	Lajos Újföldi	GUP	MID	68	69
1934	International Football	Nilotpal Konwar	GUP	DEF	55	56
1934	International Football	Anton Westerberg	HAV	DEF	74	76
1934	International Football	Arvid Wettergren	HAV	FWD	71	70
1934	International Football	Wojciech Borucki	HAV	DEF	70	69
1934	International Football	Andres Raivo	KFK	GK	42	39
1934	International Football	Dōren Lâchūaton	KFK	FWD	43	41
1934	International Football	Nūmho Laranyal	KFK	MID	44	46
1934	International Football	Paavo Suursaaren	KFK	MID	38	40
1934	International Football	Daiwo Âhänōnyte	KFK	FWD	40	41
1934	International Football	Engalo Samāyan	KFK	DEF	41	40
1934	International Football	Noren Apngan	KFK	DEF	39	38
1934	International Football	Olavi Marvinen	KFK	FWD	39	40
1934	International Football	Phailo Shomponen	KFK	DEF	40	41
1934	International Football	Risto Ātlaköneinen	KFK	MID	42	43
1934	International Football	Vīren Chōna	KFK	MID	40	41
1934	International Football	Odd-Isak Hætta	KKM	GK	46	42
1934	International Football	Veikko Turkunen	KKM	FWD	46	43
1934	International Football	Biera Tuuliparänen	KKM	DEF	45	44
1934	International Football	Feodor Kulanen	KKM	MID	47	46
1934	International Football	Jovnna Urujärven	KKM	DEF	47	46
1934	International Football	Juhani Norsuunlainen	KKM	FWD	50	51
1934	International Football	Sámmol Krusinen	KKM	DEF	48	47
1934	International Football	Ulrik Sejtala	KKM	MID	45	46
1934	International Football	Papnoute Kenamun	KMT	DEF	69	67
1934	International Football	Hor Senedjem	KMT	DEF	74	73
1934	International Football	Pakhom Userhat	KMT	DEF	74	73
1934	International Football	Phib Bakenkhons	KMT	FWD	71	70
1934	International Football	Tadros Amenemhat	KMT	MID	73	74
1934	International Football	Hartwig Von Buxhoeveden	LVO	DEF	74	76
1934	International Football	Kaspars Vaitkus	LVO	DEF	70	71
1934	International Football	Otto Manteuffel	LVO	MID	70	71
1934	International Football	Reinhold Von Ungern	LVO	MID	72	71
1934	International Football	Ulrik Zilinkas	LVO	MID	74	75
1934	International Football	Woldemar Wrangell	LVO	FWD	68	69
1934	International Football	Itamar Ben-Zaken	MGN	MID	63	61
1934	International Football	Erez Malka	MGN	FWD	63	62
1934	International Football	Kyrillos Sennefer	MGN	DEF	64	63
1934	International Football	Navid Zarrinkoub	MGN	MID	67	68
1934	International Football	Netanel Elbaz	MGN	MID	66	65
1934	International Football	Zohar Lavi	MGN	DEF	64	65
1934	International Football	Jan Morsztyn	MLM	MID	70	72
1934	International Football	Leif Jonsson	MLM	DEF	69	67
1934	International Football	Neil Dike	MLM	FWD	71	72
1934	International Football	Atiqtalik Ahmaogak	MOR	GK	65	66
1934	International Football	Dorofei Lestenkof	MOR	FWD	64	63
1934	International Football	Eben Nageak	MOR	DEF	63	62
1934	International Football	Feoktist Shishkoff	MOR	FWD	62	63
1934	International Football	Katlian Kadashan	MOR	MID	67	66
1934	International Football	Levi Kignak	MOR	FWD	64	63
1934	International Football	Nanuq Oyagak	MOR	MID	68	67
1934	International Football	Piquk Ipalook	MOR	DEF	63	64
1934	International Football	Qillaq Nutaaq	MOR	MID	62	61
1934	International Football	Veniamin Tarakanoff	MOR	MID	66	67
1934	International Football	Almeri Palomäki	MRJ	MID	72	71
1934	International Football	Iilpo Kolemainen	MRJ	MID	74	73
1934	International Football	Ohto Voutilainen	MRJ	DEF	73	72
1934	International Football	Yakov Sorokin	MYH	MID	74	75
1934	International Football	Anirban Goswami	NHO	DEF	74	76
1934	International Football	Ashim Bhattacharya	NHO	GK	73	75
1934	International Football	Bhupen Narishita	NHO	FWD	70	68
1934	International Football	Jatin Sudatta	NHO	FWD	71	69
1934	International Football	Susumu Uehara	NHO	DEF	69	71
1934	International Football	Yoshio Hanazawa	NHO	FWD	73	75
1934	International Football	Amiya Majumdar	NHO	DEF	69	70
1934	International Football	Haripada Bagchi	NHO	MID	70	69
1934	International Football	Khagendra Mitra	NHO	DEF	71	72
1934	International Football	Phani Kyaithang	NHO	DEF	73	74
1934	International Football	Minoru Andō	NKI	FWD	74	72
1934	International Football	Eijiro Matsumoto	NKI	MID	73	74
1934	International Football	Nyilan Shikishima	NKI	FWD	72	71
1934	International Football	Sadao Garabin	NKI	MID	72	71
1934	International Football	Tarran Nyaruguru	NKI	MID	72	73
1934	International Football	Chirá Nubrí	NMZ	FWD	63	65
1934	International Football	Ditsö Nakí	NMZ	MID	65	67
1934	International Football	Duchí Siwöl	NMZ	MID	65	67
1934	International Football	Namú Suriá	NMZ	DEF	68	70
1934	International Football	Tsirú Diköl	NMZ	DEF	67	69
1934	International Football	Yëría Kaché	NMZ	MID	74	76
1934	International Football	Dowá Tuvöl	NMZ	DEF	66	67
1934	International Football	Juní Börá	NMZ	FWD	65	66
1934	International Football	Kanë Dabá	NMZ	MID	65	66
1934	International Football	Këbö Wirbli	NMZ	MID	63	62
1934	International Football	Sibö Kurbli	NMZ	GK	73	74
1934	International Football	Sulá Bikakö	NMZ	DEF	66	67
1934	International Football	Talí Sabákö	NMZ	MID	63	64
1934	International Football	Ioannes Dongolawi	NRG	DEF	55	57
1934	International Football	Stephanos Ballana	NRG	MID	54	56
1934	International Football	Theodoros Farasin	NRG	MID	55	57
1934	International Football	Yohannis Mina	NRG	MID	55	57
1934	International Football	Yohannis Sukkoti	NRG	DEF	51	53
1934	International Football	Damianos Faragab	NRG	MID	56	57
1934	International Football	Georgios Artigasha	NRG	DEF	60	61
1934	International Football	Kalidurut Bishoy	NRG	DEF	58	59
1934	International Football	Moüses Kyrillos	NRG	FWD	55	56
1934	International Football	Petros Nogedi	NRG	MID	52	53
1934	International Football	Tadros Sonqi	NRG	MID	56	57
1934	International Football	Faisal Al-Dosari	NSR	GK	66	68
1934	International Football	Jaadallah El-Farid	NSR	MID	63	65
1934	International Football	Badr Yami	NSR	MID	61	60
1934	International Football	Majed Al-Otaibi	NSR	DEF	63	62
1934	International Football	Turki Ibn Shammari	NSR	DEF	65	64
1934	International Football	Yazeed Al-Braik	NSR	FWD	60	61
1934	International Football	Nathan Grandmaison	OL	FWD	73	71
1934	International Football	Eeriks Uđđi	OTR	DEF	72	74
1934	International Football	Kjell Davidsson	OTR	MID	71	69
1934	International Football	Sigurd Filipsson	OTR	MID	72	70
1934	International Football	Staffan Hage	OTR	FWD	74	72
1934	International Football	Sten Hvit	OTR	DEF	74	76
1934	International Football	Johan Stille	OTR	DEF	73	74
1934	International Football	Sten Herdin	OTR	MID	74	73
1934	International Football	Arman Dosmukhamed	PER	DEF	70	72
1934	International Football	Evgeny Karpov	PER	GK	72	74
1934	International Football	Fedor Frolov	PER	FWD	70	72
1934	International Football	Klim Zaytsev	PER	MID	72	74
1934	International Football	Rodion Titov	PER	MID	71	73
1934	International Football	Stepan Andreev	PER	DEF	69	71
1934	International Football	Daulet Kenzhebayev	PER	MID	68	69
1934	International Football	Ivan Gavrilovic	PER	DEF	70	71
1934	International Football	Lev Gusev	PER	DEF	72	73
1934	International Football	Makar Kulikov	PER	MID	69	68
1934	International Football	Osman Mamut	PER	DEF	70	71
1934	International Football	Platon Denisov	PER	FWD	65	66
1934	International Football	Sevastyan Roshchin	PER	FWD	70	71
1934	International Football	Matěj Skočdopole	POL	DEF	72	69
1934	International Football	Vilém Zlatohlavý	POL	FWD	70	67
1934	International Football	Radim Vohánka	POL	MID	69	71
1934	International Football	Aleš Nejezchleb	POL	FWD	70	69
1934	International Football	Dušan Tóth	POL	DEF	69	68
1934	International Football	Jakub Svoboda	POL	GK	71	70
1934	International Football	Miroslav Přibyl	POL	FWD	74	75
1934	International Football	Zbyněk Bezruč	POL	MID	69	68
1934	International Football	Édouard Laroche	RCC	FWD	70	72
1934	International Football	Aymeric Lescure	RCC	DEF	73	72
1934	International Football	Fyodor Chistyakov	RUD	DEF	74	73
1934	International Football	Lev Zhdanov	RUD	DEF	72	71
1934	International Football	Amos Donnelly	SAL	FWD	70	72
1934	International Football	Elijah Tanner	SAL	MID	70	72
1934	International Football	Josiah Halloway	SAL	DEF	70	68
1934	International Football	Titus Calloway	SAL	FWD	72	74
1934	International Football	Zebulon Hartshorn	SAL	FWD	68	70
1934	International Football	Ephraim Bayliss	SAL	MID	69	68
1934	International Football	Ezekiel Bridger	SAL	DEF	72	73
1934	International Football	Gideon Colter	SAL	FWD	62	61
1934	International Football	Jonas Mercer	SAL	MID	69	70
1934	International Football	Micah Overstreet	SAL	MID	69	68
1934	International Football	Darven Miçkas	SEL	FWD	74	75
1934	International Football	Kutay Bulut	SEL	DEF	74	75
1934	International Football	Zeki Nari̇n	SEL	MID	73	74
1934	International Football	Guy Sharabi	SGN	DEF	65	67
1934	International Football	Koby Ben-Shabbat	SGN	MID	66	64
1934	International Football	Tomer Ivgi	SGN	DEF	65	67
1934	International Football	Elad Ifrach	SGN	FWD	67	66
1934	International Football	Hadar Rahamim	SGN	DEF	64	63
1934	International Football	Liran Gozlan	SGN	MID	61	60
1934	International Football	Nevo Pinto	SGN	FWD	67	66
1934	International Football	Ramin Qajarian	SGN	FWD	67	66
1934	International Football	Raz Zoaretz	SGN	MID	66	67
1934	International Football	Uri Kastiel	SGN	FWD	67	66
1934	International Football	Oded Levi	SHI	DEF	70	67
1934	International Football	Asaf Bar-Lev	SHI	DEF	72	70
1934	International Football	Dvir Alon	SHI	MID	72	74
1934	International Football	Iddo Avni	SHI	GK	68	70
1934	International Football	Boaz Ben-Ami	SHI	FWD	68	67
1934	International Football	Dolev Nagar	SHI	MID	67	68
1934	International Football	Maoz Shaked	SHI	MID	71	72
1934	International Football	Nadav Tzur	SHI	DEF	68	67
1934	International Football	Roi Ben-Haim	SHI	DEF	68	69
1934	International Football	Segev Even-Khen	SHI	MID	72	73
1934	International Football	Tomer Mizrahi	SHI	DEF	70	69
1934	International Football	Yerucham Lehrer	SHI	MID	74	75
1934	International Football	Yishai Galili	SHI	MID	69	70
1934	International Football	Yonatan Cohen	SHI	GK	72	73
1934	International Football	Kanata Murakumo	SHZ	MID	74	73
1934	International Football	Artem Tkachenko	SID	FWD	74	76
1934	International Football	Nazar Melnyk	SID	DEF	72	70
1934	International Football	Ihor Kovalenko	SID	DEF	73	74
1934	International Football	Klym Vernydub	SID	FWD	71	70
1934	International Football	Levko Chornovil	SID	FWD	71	70
1934	International Football	Panas Hrabovsky	SID	FWD	72	71
1934	International Football	Pavlo Dovzhenko	SID	MID	72	73
1934	International Football	Yurii Zahrebelny	SID	DEF	74	73
1934	International Football	Nima Sarmast	SKH	DEF	54	56
1934	International Football	Ryōhei Iwakuma	SKH	DEF	73	75
1934	International Football	Kaveh Bahmani	SKH	FWD	68	67
1934	International Football	Parviz Ghaderi	SKH	FWD	66	65
1934	International Football	Vandad Tabrizi	SKH	MID	65	66
1934	International Football	Duol Akol	SSA	GK	46	43
1934	International Football	Puok Gatluak	SSA	FWD	46	43
1934	International Football	Biel Chuol	SSA	DEF	47	49
1934	International Football	Festo Gbaduma	SSA	FWD	48	46
1934	International Football	Meir Shapira	SSA	DEF	44	46
1934	International Football	Atem Madut	SSA	DEF	46	45
1934	International Football	Deng Alier	SSA	DEF	42	43
1934	International Football	Eitan Halevi	SSA	MID	43	44
1934	International Football	Ring Majok	SSA	DEF	41	42
1934	International Football	Shmuel Berkovits	SSA	DEF	42	43
1934	International Football	János Juhász	TTK	DEF	70	72
1934	International Football	Ernő Koncz	TTK	MID	72	73
1934	International Football	Ferencz Tóth	TTK	GK	72	73
1934	International Football	Flórián Losonczy	TTK	FWD	73	72
1934	International Football	Péter Mákos	TTK	DEF	69	70
1934	International Football	Valter Fehér	TTK	FWD	70	69
1934	International Football	Ákos Tanyasi	TTK	DEF	68	67
1934	International Football	István Magvasi	TUR	FWD	74	76
1934	International Football	Zsolt Vadász	TUR	FWD	74	75
1934	International Football	Evgeny Pletnev	UKA	MID	69	68
1934	International Football	Lavr Vronsky	UKA	MID	74	75
1934	International Football	Osip Yudin	UKA	FWD	73	74
1934	International Football	Bienvenu Wongo	VAN	FWD	46	43
1934	International Football	Comlan Gbanou	VAN	GK	48	45
1934	International Football	Gennaro Mancini	VAN	DEF	47	48
1934	International Football	Léopold Yangongo	VAN	FWD	40	41
1934	International Football	Mahamat Ngaradoumbé	VAN	DEF	45	44
1934	International Football	Eskandar Dehghan	VAR	DEF	74	76
1934	International Football	Otto Ahmadi	VAR	MID	72	70
1934	International Football	Parviz Tahmasb	VAR	DEF	73	75
1934	International Football	Touraj Hayaii	VAR	DEF	73	75
1934	International Football	Ardalan Danesh	VAR	DEF	73	74
1934	International Football	Mehran Shahi	VAR	MID	72	73
1934	International Football	Siavash Mehrian	VAR	MID	74	75
1934	International Football	Sándor Bodor	VKS	MID	74	72
1934	International Football	Chu Hwang	VKS	DEF	70	69
1934	International Football	Alceste Derocles	ABB	DEF	76	77
1934	International Football	Sofiane Mansouri	ABB	MID	79	81
1934	International Football	Lakhdar Hamidi	ADV	MID	79	81
1934	International Football	Neçirvan Barzani	ADV	FWD	84	85
1934	International Football	Tamer Khalil	ADV	MID	77	75
1934	International Football	Yaqub Ghattas	ADV	MID	75	74
1934	International Football	Bastien Shengelia	AEK	FWD	76	74
1934	International Football	Hayk Khitaryan	AEK	MID	82	81
1934	International Football	Kakha Kvernadze	AEK	MID	83	85
1934	International Football	Yassine Benali	AEM	GK	81	82
1934	International Football	Youssef Valverde	AEM	MID	82	83
1934	International Football	Arthur Kohlberg	ALE	DEF	81	82
1934	International Football	Dirk Platz	ALE	FWD	81	80
1934	International Football	Ime Paulsen	ALE	MID	84	82
1934	International Football	Jorrit Blankenburg	ALE	FWD	80	82
1934	International Football	Ondřej Černý	ALE	MID	82	81
1934	International Football	Petr Procházka	ALE	FWD	82	83
1934	International Football	Thor Andresen	ALE	FWD	84	83
1934	International Football	Vojtěch Novotný	ALE	DEF	83	84
1934	International Football	Wieland Hummel	ALE	FWD	79	80
1934	International Football	Abe Bosman	ARM	MID	77	75
1934	International Football	Clayton Caldwell	ARM	DEF	84	83
1934	International Football	Efraín Arenas	ARM	DEF	84	86
1934	International Football	Florian Gruber	ARM	DEF	83	84
1934	International Football	Kuzma Zvezdinsky	ARM	MID	83	85
1934	International Football	Matěj Křížek	ARM	DEF	79	78
1934	International Football	Rodion Prokhorov	ARM	MID	75	74
1934	International Football	Severin Weyermann	ARM	FWD	78	77
1934	International Football	Shō Itoshi	ARM	FWD	89	88
1934	International Football	Stijn Boelens	ARM	MID	84	86
1934	International Football	Telmo Candeias	ARM	MID	86	84
1934	International Football	Tomáš Svoboda	ARM	MID	86	87
1934	International Football	Baptiste Roux	ARV	MID	80	81
1934	International Football	Esteban Palomer	ARV	MID	80	78
1934	International Football	Guillaume Maison	ARV	MID	84	85
1934	International Football	Hadrien Deschamps	ARV	DEF	83	81
1934	International Football	Rémi Gauthier	ARV	FWD	85	86
1934	International Football	Alejandro Varga	ASK	DEF	81	80
1934	International Football	Angel Castejón	ASK	DEF	80	81
1934	International Football	Antonio Sangüesa	ASK	MID	82	80
1934	International Football	Augustin Aragonés	ASK	FWD	83	81
1934	International Football	Bernardo Figueira	ASK	FWD	78	77
1934	International Football	Ibai Urrutia	ASK	DEF	86	87
1934	International Football	Íker Olabarría	ASK	MID	85	86
1934	International Football	Ismael Menéndez	ASK	DEF	85	86
1934	International Football	Jesus Halconero	ASK	FWD	83	82
1934	International Football	Joan Xirau	ASK	MID	81	80
1934	International Football	Martim Duarte	ASK	MID	82	81
1934	International Football	Matías Salcedo	ASK	FWD	85	84
1934	International Football	Nélson Ferreira	ASK	FWD	81	82
1934	International Football	Pau Puigcorbé	ASK	FWD	87	85
1934	International Football	Rodrigo Alvarenga	ASK	DEF	82	80
1934	International Football	Xavier Cienfuegos	ASK	GK	91	89
1934	International Football	Yeray Bengoetxea	ASK	MID	87	85
1934	International Football	Simphiwe Chabalala	ASP	MID	80	82
1934	International Football	Epaminondas Mavromatis	AST	MID	78	80
1934	International Football	Miltiadis Galanis	AST	FWD	90	89
1934	International Football	Nikolaos Papadopoulos	AST	GK	85	86
1934	International Football	Pyrros Dimitrakopoulos	AST	MID	77	76
1934	International Football	Themistoklis Zervas	AST	MID	80	82
1934	International Football	Étienne Trieu	ATK	MID	81	83
1934	International Football	Félix Doan	ATK	DEF	75	76
1934	International Football	Lam Vu	ATK	MID	78	76
1934	International Football	Vinh Ngo	ATK	FWD	81	82
1934	International Football	Ánselmo Fernandez	AUR	MID	78	79
1934	International Football	Arcadio Villa	AUR	MID	78	79
1934	International Football	Cayetano Montoya	AUR	DEF	78	79
1934	International Football	Emiliano Luna	AUR	MID	79	78
1934	International Football	Ivo Brandão	AUR	FWD	77	78
1934	International Football	Jacinto Valencia	AUR	DEF	78	77
1934	International Football	Jenaro Salamanca	AUR	DEF	81	82
1934	International Football	Jose Carlos Pescador	AUR	DEF	79	81
1934	International Football	Juvenal Vera	AUR	FWD	81	82
1934	International Football	Nicanor Arandia	AUR	FWD	78	80
1934	International Football	Olegario Pérez	AUR	MID	80	82
1934	International Football	Rafael Rosario	AUR	GK	80	82
1934	International Football	Severino Guzmán	AUR	FWD	77	76
1934	International Football	Daulat Siregar	CAH	FWD	79	81
1934	International Football	Linus Kitingan	CAH	DEF	78	80
1934	International Football	Made Djelantik	CAH	FWD	80	81
1934	International Football	Raka Wijaya	CAH	GK	75	77
1934	International Football	Teguh Setiawan	CAH	DEF	81	79
1934	International Football	Yopie Runtuwene	CAH	FWD	75	72
1934	International Football	Bartosz Jastrzębski	COR	MID	77	78
1934	International Football	Bogumił Cieślak	COR	DEF	76	77
1934	International Football	Erik Záhorský	COR	DEF	78	79
1934	International Football	Grzegorz Brzęczyszczykiewicz	COR	FWD	83	84
1934	International Football	Kacper Dembiński	COR	FWD	76	75
1934	International Football	Marek Kováč	COR	GK	85	87
1934	International Football	Miłosz Zawadzki	COR	FWD	79	76
1934	International Football	Peter Baláž	COR	DEF	78	80
1934	International Football	Szymon Kowalczyk	COR	MID	75	74
1934	International Football	Zbigniew Lewandowski	COR	DEF	78	79
1934	International Football	Johannn Baumgartner	DTK	FWD	75	73
1934	International Football	Chris Hadleigh	DYM	DEF	75	74
1934	International Football	Keiran Standish	DYM	MID	78	77
1934	International Football	Kengo Okitsu	DYM	MID	76	74
1934	International Football	Seishirō Amane	DYM	DEF	78	80
1934	International Football	Sōma Kirishima	DYM	FWD	78	79
1934	International Football	Teppei Motohashi	DYM	DEF	77	79
1934	International Football	Yoru Shirase	DYM	FWD	79	80
1934	International Football	Adolf Grimm	E02	FWD	76	77
1934	International Football	Chris Weimann	E02	DEF	81	82
1934	International Football	Frans Cuijpers	E02	FWD	80	79
1934	International Football	Heike Kaiser	E02	DEF	78	80
1934	International Football	Johan Weinertitz	E02	DEF	76	77
1934	International Football	Kay Wilms	E02	FWD	76	77
1934	International Football	Marvin Oppenheimer	E02	GK	79	80
1934	International Football	Rafaël Altena	E02	DEF	78	79
1934	International Football	Sascha Van Middlesworth	E02	DEF	79	80
1934	International Football	Stephan Kiefer	E02	MID	79	80
1934	International Football	Wiebe Simons	E02	MID	76	75
1934	International Football	Arthur Whitmore	ELV	MID	80	81
1934	International Football	Conor Dale	ELV	MID	79	78
1934	International Football	Dillon Heath	ELV	FWD	82	81
1934	International Football	Emrys Lockwood	ELV	DEF	79	80
1934	International Football	Ezequiel Mulholland	ELV	MID	82	80
1934	International Football	Gunner Cannon	ELV	MID	80	81
1934	International Football	Harry Caine	ELV	FWD	88	87
1934	International Football	Jabari Hess	ELV	DEF	78	75
1934	International Football	James Smith	ELV	DEF	79	80
1934	International Football	Jordan Stanford	ELV	GK	85	84
1934	International Football	Kieran Frost	ELV	MID	80	81
1934	International Football	Lewis Bardsley	ELV	MID	87	88
1934	International Football	Ryan Cole	ELV	MID	79	78
1934	International Football	Spencer Chadwick	ELV	MID	82	83
1934	International Football	Thomas Hargreaves	ELV	MID	84	83
1934	International Football	Warren Marshall	ELV	DEF	79	78
1934	International Football	Wesley Wetherby	ELV	DEF	82	83
1934	International Football	Dominic Winslow	ESU	FWD	85	86
1934	International Football	Freek Hendriks	ESU	FWD	80	78
1934	International Football	Horace Peshlakai	ESU	FWD	84	85
1934	International Football	Jadarian Royce	ESU	MID	87	89
1934	International Football	Kendrick Nakai	ESU	MID	84	83
1934	International Football	Peter Selhorst	ESU	FWD	81	82
1934	International Football	Philip Klein	ESU	DEF	83	82
1934	International Football	Spencer Jackson	ESU	GK	83	82
1934	International Football	Vito Moretti	ESU	MID	83	81
1934	International Football	Gijs Dreesens	F01	MID	88	90
1934	International Football	Gonzalo Valbuena	F01	MID	90	91
1934	International Football	Guntram Dirksen	F01	DEF	79	80
1934	International Football	Klaus Jonasen	F01	FWD	75	74
1934	International Football	Kurt Andela	F01	GK	79	80
1934	International Football	Lucas Jespersen	F01	DEF	80	81
1934	International Football	Manfred Frankenstein	F01	DEF	79	81
1934	International Football	Maxi Hintzen	F01	FWD	79	77
1934	International Football	Otmar Loritz	F01	FWD	77	76
1934	International Football	Rolf Siemon	F01	MID	80	78
1934	International Football	Sikke Pauwels	F01	MID	78	77
1934	International Football	Sheng Huang	FUR	MID	79	81
1934	International Football	Yang Chen	FUR	GK	75	76
1934	International Football	Zemin Mao	FUR	FWD	78	80
1934	International Football	András Kelemen	GAL	DEF	76	74
1934	International Football	Ayato Hachikawa	GAL	MID	78	79
1934	International Football	Ellis West	GAL	FWD	79	81
1934	International Football	Findlay Brodick	GAL	FWD	79	77
1934	International Football	Rory Kincardine	GAL	DEF	77	79
1934	International Football	Struan MacAllister	GAL	GK	78	79
1934	International Football	Sulo Toivakka	GAL	FWD	78	77
1934	International Football	Ilya Morozov	GIA	MID	80	81
1934	International Football	Chenguang Pei	GUA	FWD	76	78
1934	International Football	Guowei Sun	GUA	FWD	75	77
1934	International Football	Heng Kong	GUA	DEF	77	75
1934	International Football	Lingyun Hao	GUA	MID	76	73
1934	International Football	Qiushi Zhang	GUA	MID	76	78
1934	International Football	Emmett Harrison	HAN	DEF	81	80
1934	International Football	Ephraim Snyder	HAN	DEF	76	77
1934	International Football	Evgeny Makarov	HAN	DEF	76	77
1934	International Football	Frederick Peters	HAN	MID	79	78
1934	International Football	Kiyoshi Murandin	HAN	MID	83	82
1934	International Football	Leon Bierhals	HAN	MID	80	81
1934	International Football	Matthias Noack	HAN	GK	87	88
1934	International Football	Narra Catacutan	HAN	DEF	85	87
1934	International Football	Salvatore Romano	HAN	MID	79	77
1934	International Football	Sven Reier	HAN	MID	80	81
1934	International Football	Vilmos Szilágyi	HAN	FWD	80	81
1934	International Football	Carlos López	HAV	DEF	75	74
1934	International Football	Eetu Lehtinen	HAV	FWD	78	76
1934	International Football	Iisakki Saarikoski	HAV	DEF	76	78
1934	International Football	Jens Geirsson	HAV	FWD	77	79
1934	International Football	Uwe Schneider	HAV	FWD	77	75
1934	International Football	Alvaro Small	HOL	MID	77	76
1934	International Football	Ambrose Pickett	HOL	MID	80	81
1934	International Football	Callum Calhoun	HOL	GK	81	83
1934	International Football	Dale Landry	HOL	MID	80	82
1934	International Football	Emilio Escalona	HOL	DEF	78	79
1934	International Football	Fabián Machado	HOL	FWD	79	81
1934	International Football	James Feruccio	HOL	MID	78	80
1934	International Football	Kamron Chancellor	HOL	MID	87	89
1934	International Football	Reuben Mendoza	HOL	DEF	79	77
1934	International Football	Ricardo Sherman	HOL	MID	84	86
1934	International Football	Simón Arismendi	HOL	FWD	86	87
1934	International Football	Wade Boone	HOL	DEF	81	83
1934	International Football	Donovan Centurione	INT	FWD	77	75
1934	International Football	Emil Lehner	INT	FWD	79	77
1934	International Football	Ettore Longobardi	INT	MID	77	74
1934	International Football	Jack Kershaw	INT	DEF	76	74
1934	International Football	Rafferty Tinsley	INT	MID	76	74
1934	International Football	Detlef Lorenz	ISS	FWD	77	75
1934	International Football	Keigo Machida	ISS	DEF	80	79
1934	International Football	Nicolas Bellamy	ISS	DEF	79	80
1934	International Football	Ovidio Vico	ISS	MID	76	75
1934	International Football	Rhys Warwick	ISS	MID	78	77
1934	International Football	Serafim Correia	ISS	MID	79	80
1934	International Football	Aleksi Järveläinen	KAR	GK	82	83
1934	International Football	Armes Purtunen	KAR	FWD	81	79
1934	International Football	Christian Leino	KAR	GK	80	79
1934	International Football	Heikki Kovalainen	KAR	DEF	79	77
1934	International Football	Jaan Soosaar	KAR	MID	83	84
1934	International Football	Kasper Kaljurand	KAR	MID	86	87
1934	International Football	Konsta Yrjölä	KAR	DEF	83	82
1934	International Football	Kuismaa Kivisild	KAR	FWD	82	80
1934	International Football	Otto Kask	KAR	MID	81	79
1934	International Football	Paavo Seppälä	KAR	DEF	81	79
1934	International Football	Santeri Helkanen	KAR	DEF	78	77
1934	International Football	Tim Pukki	KAR	FWD	84	85
1934	International Football	Voptá Hendá	KAR	FWD	82	79
1934	International Football	Anoup Ptahmose	KMT	MID	79	81
1934	International Football	Kolthe Harkhuf	KMT	MID	76	78
1934	International Football	Pisenti Ramose	KMT	MID	75	77
1934	International Football	Pishoy Djehuty	KMT	DEF	75	74
1934	International Football	Psote Neferhotep	KMT	MID	78	77
1934	International Football	Sarapamon Nakhtmin	KMT	FWD	79	81
1934	International Football	Shenoute Nebamun	KMT	GK	76	77
1934	International Football	Anselme Vauquelin	LUT	DEF	80	79
1934	International Football	Émile D'Artagnan	LUT	DEF	85	87
1934	International Football	Fabien Blanchet	LUT	GK	86	87
1934	International Football	Itsuki Sakagami	LUT	FWD	77	76
1934	International Football	Oriol Montagut	LUT	DEF	87	88
1934	International Football	Philippe Taillardat	LUT	DEF	79	80
1934	International Football	Rosendo Zapatero	LUT	FWD	85	87
1934	International Football	Siegmund Stracke	LUT	FWD	82	80
1934	International Football	Silvio Caruso	LUT	FWD	85	83
1934	International Football	Tristan Fabron	LUT	MID	80	78
1934	International Football	Valentino Zaccagni	LUT	MID	82	84
1934	International Football	Axel Berg	LVO	GK	78	77
1934	International Football	Ernst Tiesenhausen	LVO	DEF	75	73
1934	International Football	Gvidas Rimkevičius	LVO	DEF	77	79
1934	International Football	Omar Kazluaska	LVO	FWD	79	81
1934	International Football	Artur Morgensson	MLM	DEF	75	76
1934	International Football	Daniel Lindén	MLM	MID	76	78
1934	International Football	Karl Schmidt	MLM	FWD	78	79
1934	International Football	Lennart Sommar	MLM	MID	76	78
1934	International Football	Leo Strauss	MLM	FWD	77	76
1934	International Football	Oseas Mattsson	MLM	FWD	78	79
1934	International Football	Simon Persson	MLM	GK	75	73
1934	International Football	Wilhelm Wilhelmson	MLM	DEF	77	79
1934	International Football	Erik Aalto	MRJ	GK	80	82
1934	International Football	Olli Aaskruus	MRJ	DEF	75	74
1934	International Football	Oskari Paanalainen	MRJ	DEF	78	80
1934	International Football	Péter Alföldi	MRJ	FWD	75	74
1934	International Football	Santteri Ylikangas	MRJ	DEF	78	80
1934	International Football	Yuki Endō	MRJ	MID	78	76
1934	International Football	Yūki Hattori	MRJ	FWD	79	77
1934	International Football	Colwyn Powell	MYH	FWD	76	73
1934	International Football	Crispin Whitfield	MYH	GK	78	76
1934	International Football	Dario Prado	MYH	DEF	79	76
1934	International Football	Duarte Vasques	MYH	MID	76	78
1934	International Football	Íñigo Basterretxea	MYH	DEF	76	78
1934	International Football	Ludovico Riggio	MYH	MID	77	75
1934	International Football	Marcus Wright	MYH	MID	79	78
1934	International Football	Eisuke Sato	NCH	GK	83	84
1934	International Football	Ganzorig Erdene	NCH	FWD	86	87
1934	International Football	Gen Fija	NCH	DEF	83	84
1934	International Football	Hiromu Furuhashi	NCH	FWD	81	83
1934	International Football	Ikki Dazai	NCH	MID	80	81
1934	International Football	Kiyoshi Torigoe	NCH	MID	84	85
1934	International Football	Makoto Kishima	NCH	MID	84	83
1934	International Football	Naoto Umenokōji	NCH	DEF	81	82
1934	International Football	Rui Ōe	NCH	MID	87	88
1934	International Football	Kamal Bodhipal	NHO	FWD	77	79
1934	International Football	Kenji Nagase	NHO	FWD	84	83
1934	International Football	Pradip Chowdhury	NHO	FWD	76	74
1934	International Football	Sudhir Chakraborty	NHO	MID	80	82
1934	International Football	Tanvir Howlader	NHO	FWD	82	84
1934	International Football	Tatsuki Akagawa	NHO	FWD	80	82
1934	International Football	Dural Tanumura	NKI	GK	80	81
1934	International Football	Keigo Ikeda	NKI	DEF	75	76
1934	International Football	Tanjin Tsukahara	NKI	DEF	76	78
1934	International Football	Warrik Wirandaru	NKI	DEF	77	79
1934	International Football	Yerrin Chindura	NKI	MID	84	85
1934	International Football	Durí Karí	NMZ	MID	78	80
1934	International Football	Basem Shenouda	NRG	GK	84	86
1934	International Football	Merkurios Kudanbes	NRG	DEF	75	77
1934	International Football	Kōhei Gushiken	NSR	DEF	76	77
1934	International Football	Loïc Kervadec	NSR	MID	78	77
1934	International Football	Raleigh Preston	NSR	FWD	79	80
1934	International Football	Silas Davis	NSR	MID	78	77
1934	International Football	Amaury Brissaud	OL	DEF	79	78
1934	International Football	Christophe Gagnon	OL	GK	82	83
1934	International Football	Dorian Roussel	OL	MID	79	80
1934	International Football	Federico Cardinale	OL	MID	77	79
1934	International Football	Félicien Couture	OL	MID	79	80
1934	International Football	Hervé Thibodeau	OL	FWD	82	84
1934	International Football	Léandre Pochard	OL	MID	78	79
1934	International Football	Lothaire Chalumeau	OL	DEF	75	77
1934	International Football	Octave Faravel	OL	MID	78	77
1934	International Football	Pierrick Berthelot	OL	DEF	79	80
1934	International Football	Sylvain Courtemanche	OL	DEF	79	80
1934	International Football	Anselmo Carranza	OT	MID	81	83
1934	International Football	Corrado Montanari	OT	MID	78	77
1934	International Football	Myron Tsosie	OT	DEF	78	77
1934	International Football	Alfred Varde	OTR	FWD	78	76
1934	International Football	Fredrik Busck	OTR	MID	76	75
1934	International Football	Philip McDonald	OTR	DEF	77	79
1934	International Football	Rikard Storgård	OTR	GK	77	78
1934	International Football	Torvald Skogsberg	OTR	FWD	75	77
1934	International Football	Harvey Payne	PCH	MID	78	80
1934	International Football	Jonathan Cannon	PCH	MID	78	77
1934	International Football	Jonathan Fields	PCH	FWD	79	78
1934	International Football	Nelis Harberts	PCH	DEF	79	80
1934	International Football	Scott Riley	PCH	FWD	77	79
1934	International Football	Tadhg Oakes	PCH	MID	78	77
1934	International Football	Alimjan Turghun	PER	FWD	78	80
1934	International Football	Eesko Vähäjärvi	PIE	GK	77	76
1934	International Football	Katsuki Watanabe	PIE	MID	79	78
1934	International Football	Kristian Hansen	PIE	DEF	78	77
1934	International Football	Leevi Kaaren	PIE	MID	75	77
1934	International Football	Litto Tulp	PIE	MID	79	80
1934	International Football	Louis Blanche	PIE	DEF	79	78
1934	International Football	Markku Hongisto	PIE	MID	77	76
1934	International Football	Robert Kivisilta	PIE	DEF	75	74
1934	International Football	Soino Jaakola	PIE	MID	78	79
1934	International Football	Teima Uibo	PIE	DEF	76	74
1934	International Football	Tuomas Tuulensuu	PIE	FWD	77	75
1934	International Football	Karel Černý	POL	FWD	79	80
1934	International Football	Ladislav Kučera	POL	DEF	77	76
1934	International Football	August Rittenhouse	PON	MID	85	86
1934	International Football	Conan Neitzel	PON	MID	78	77
1934	International Football	Diedrich Fassbender	PON	MID	79	77
1934	International Football	Hans-Jürgen Hōnigsberg	PON	FWD	79	80
1934	International Football	Laurenz Reinhart	PON	FWD	78	79
1934	International Football	Maximilian Mollenhauer	PON	GK	84	83
1934	International Football	Pirmin Hoffmeister	PON	MID	77	76
1934	International Football	Robert Schlösser	PON	FWD	77	75
1934	International Football	Simon Schulhof	PON	DEF	77	78
1934	International Football	Tilman Zartmann	PON	DEF	79	80
1934	International Football	Volkmar Scherer	PON	FWD	79	81
1934	International Football	Wilhelm Giesel	PON	FWD	81	82
1934	International Football	Ambroise Guerrier	RCC	MID	78	77
1934	International Football	Cyprien Malartre	RCC	MID	77	76
1934	International Football	Damien Roquefeuil	RCC	FWD	75	74
1934	International Football	Élie Marchesseau	RCC	FWD	80	78
1934	International Football	Jocelyn Teissier	RCC	MID	78	79
1934	International Football	Léon Chastellain	RCC	GK	77	74
1934	International Football	Nolan Perrigault	RCC	FWD	76	75
1934	International Football	Osamu Matsumoto	RCC	MID	75	77
1934	International Football	Rémy Bourdelle	RCC	DEF	78	80
1934	International Football	Valentin Peixoto	RCC	DEF	79	81
1934	International Football	Alex Kaczmarek	RUD	FWD	77	79
1934	International Football	Alexei Razumovsky	RUD	DEF	76	77
1934	International Football	Arkady Vsevolozhsky	RUD	MID	77	75
1934	International Football	Denis Kuznetsov	RUD	FWD	88	89
1934	International Football	Igor Novikov	RUD	MID	79	80
1934	International Football	Ivan Dolgorukiy	RUD	GK	82	84
1934	International Football	Matvei Popov	RUD	DEF	77	74
1934	International Football	Sergei Smirnov	RUD	DEF	76	78
1934	International Football	Timur Oorzhak	RUD	DEF	81	83
1934	International Football	Vitali Korovin	RUD	MID	78	80
1934	International Football	Vsevolod Krestovsky	RUD	DEF	76	77
1934	International Football	Cooper Saint John	SAL	DEF	76	78
1934	International Football	Gunther Hellams	SAL	DEF	75	78
1934	International Football	Piers Skoronsky	SAL	GK	77	80
1934	International Football	William Levice	SAL	MID	76	78
1934	International Football	Batuhan Balyoz	SEL	MID	76	77
1934	International Football	Cihan Kartaca	SEL	MID	75	76
1934	International Football	Erdem Polat	SEL	DEF	76	74
1934	International Football	Haydar Şen	SEL	FWD	76	78
1934	International Football	Kaan Erdoğmuş	SEL	MID	76	77
1934	International Football	Muzaffer Doğan	SEL	DEF	77	78
1934	International Football	Orkun Çeti̇n	SEL	MID	83	85
1934	International Football	Sarp Sayda	SEL	DEF	75	77
1934	International Football	Selçuk Demirci	SEL	MID	78	79
1934	International Football	Serhat Di̇lbaz	SEL	MID	75	77
1934	International Football	Tunç Kenaanoğlu	SEL	DEF	82	83
1934	International Football	Vural Surlu	SEL	MID	76	77
1934	International Football	Yavuz Koç	SEL	MID	82	83
1934	International Football	Catmon Nacpil	SGD	FWD	76	78
1934	International Football	Hiraya Halili	SGD	MID	75	76
1934	International Football	Kidlat Ilagan	SGD	MID	76	77
1934	International Football	Lakan Dimayuga	SGD	DEF	78	76
1934	International Football	Makisig Liwanag	SGD	MID	78	80
1934	International Football	Renzo Agbayani	SGD	GK	77	79
1934	International Football	Sagip Gatmaitan	SGD	DEF	76	77
1934	International Football	Aurélien Pasquier	SHZ	MID	81	82
1934	International Football	Began Andersen	SHZ	DEF	78	80
1934	International Football	Erlend Mikkelsen	SHZ	MID	77	79
1934	International Football	Haruto Kido	SHZ	MID	76	77
1934	International Football	Kenshirō Unagami	SHZ	DEF	80	82
1934	International Football	Yūto Shiranui	SHZ	DEF	77	79
1934	International Football	Danylo Perebyinis	SID	MID	76	77
1934	International Football	Myroslav Zalizniak	SID	MID	77	79
1934	International Football	Sviatoslav Boyko	SID	MID	79	81
1934	International Football	Taras Bondarenko	SID	MID	75	72
1934	International Football	Kai Ouyang	SKH	GK	78	79
1934	International Football	Tole-Buqa Inalchi	SKH	MID	75	77
1934	International Football	Emrik Halvorsen	SKJ	FWD	78	77
1934	International Football	Erik Sundqvist	SKJ	MID	79	81
1934	International Football	Henrik Kristianson	SKJ	FWD	79	78
1934	International Football	Hjalmar Lindström	SKJ	FWD	85	86
1934	International Football	Jesper Olsen	SKJ	MID	78	77
1934	International Football	Joar Berglund	SKJ	MID	78	77
1934	International Football	Kenneth Haugland	SKJ	DEF	83	85
1934	International Football	Kent Forsberg	SKJ	MID	81	80
1934	International Football	Ludvig Johansson	SKJ	DEF	76	77
1934	International Football	Magnus Andersson	SKJ	GK	81	83
1934	International Football	Niall Kinsella	SKJ	FWD	79	77
1934	International Football	Nils Nyquist	SKJ	GK	78	77
1934	International Football	Olander Strandberg	SKJ	DEF	82	84
1934	International Football	Olof Sjöberg	SKJ	DEF	83	85
1934	International Football	Rasmus Karlssen	SKJ	FWD	79	77
1934	International Football	Sixten Karlsson	SKJ	MID	83	81
1934	International Football	Torbjørn Kvamme	SKJ	MID	79	78
1934	International Football	Victor Tvedt	SKJ	MID	85	86
1934	International Football	Karl Hauschka	SPK	DEF	78	77
1934	International Football	Katsuyoshi Endō	SPK	MID	77	76
1934	International Football	Nuno Gouveia	SPK	MID	81	83
1934	International Football	Yōhei Takigawa	SPK	FWD	77	75
1934	International Football	András Arató	SYV	FWD	77	76
1934	International Football	Bertel Vainojärven	SYV	FWD	79	76
1934	International Football	Lauri Purvalainen	SYV	MID	78	80
1934	International Football	Pekka Sihvonen	SYV	DEF	77	76
1934	International Football	Ryūhei Amamiya	SYV	MID	78	77
1934	International Football	Teemo Højland	SYV	MID	77	75
1934	International Football	Yngvar Gustavsonn	SYV	FWD	78	76
1934	International Football	Tibor Almási	TTK	FWD	77	75
1934	International Football	Balázs Jaminai	TUR	MID	78	76
1934	International Football	Bendegúz Farkasházy	TUR	DEF	76	75
1934	International Football	Gergő Tóth	TUR	MID	79	80
1934	International Football	György Erdős	TUR	MID	75	74
1934	International Football	Márton Nagy	TUR	MID	77	78
1934	International Football	Mátyás Szendrei	TUR	DEF	77	78
1934	International Football	Péter Szabó	TUR	MID	89	90
1934	International Football	Saša Radović	TUR	GK	81	82
1934	International Football	Zalán Váradi	TUR	DEF	77	79
1934	International Football	Zoltán Tóth	TUR	DEF	75	74
1934	International Football	Ashkan Mahdavi	VAR	MID	80	81
1934	International Football	Daru Jafari	VAR	MID	80	82
1934	International Football	Pedram Nazeri	VAR	FWD	78	81
1934	International Football	Saīd Farzan	VAR	FWD	76	77
1934	International Football	Sepideh Shakibaii	VAR	MID	85	86
1934	International Football	Vahid Lorestani	VAR	GK	84	85
1934	International Football	Ziyad Subaie	VAR	MID	77	75
1934	International Football	Andrea Ferrari	VIC	DEF	83	82
1934	International Football	Antonio Margheriti	VIC	MID	79	77
1934	International Football	Attila D'Ambrosi	VIC	DEF	83	82
1934	International Football	Cosimo Colombo	VIC	FWD	78	77
1934	International Football	Domenico Vivaldi	VIC	DEF	81	82
1934	International Football	Egeo Scalera	VIC	MID	79	78
1934	International Football	Goffredo Ruggeri	VIC	FWD	78	76
1934	International Football	Lorenzo Squillaci	VIC	DEF	80	81
1934	International Football	Marcello La Barca	VIC	MID	82	84
1934	International Football	Martino Marrese	VIC	MID	79	78
1934	International Football	Massimo Visconti	VIC	GK	87	85
1934	International Football	Raffaele Lucchese	VIC	MID	84	85
1934	International Football	Renato Fioravanti	VIC	FWD	79	76
1934	International Football	Erno Jumanen	VKS	MID	75	76
1934	International Football	Kimi Vostanen	VKS	MID	75	74
1934	International Football	Teppo Estinen	VKS	MID	77	79
1934	International Football	Brock Fairweather	WIN	DEF	82	84
1934	International Football	Reuben Ashton	WIN	FWD	78	77
1934	General Rebalance	Kanata Hanashima	VKS	FWD	77	80
1934	General Rebalance	Roððo Duongi	NOW	FWD	79	80
1934	General Rebalance	Salteni Pöyhönen	AFK	FWD	75	79
1934	General Rebalance	Takuma Nakamura	KUI	FWD	81	80
1934	General Rebalance	Toma Shimabukuro	AYA	GK	80	82
1935	1935 WC Qualifiers	Florian Van Can	ALE	FWD	91	92
1935	1935 WC Qualifiers	Gijs Dreesens	ALE	MID	90	91
1935	1935 WC Qualifiers	Jorrit Blankenburg	ALE	FWD	82	83
1935	1935 WC Qualifiers	Dirk Platz	ALE	FWD	80	79
1935	1935 WC Qualifiers	Ime Paulsen	ALE	MID	82	81
1935	1935 WC Qualifiers	Comlan Gbanou	VAN	GK	45	43
1935	1935 WC Qualifiers	Hugo Saint-Laurent	ARV	DEF	88	89
1935	1935 WC Qualifiers	Octave Desjardins	ARV	MID	91	92
1935	1935 WC Qualifiers	Rémi Gauthier	ARV	FWD	86	87
1935	1935 WC Qualifiers	Émile D'Artagnan	ARV	DEF	87	88
1935	1935 WC Qualifiers	Antoine Bagradian	ARV	MID	82	81
1935	1935 WC Qualifiers	Fabien Blanchet	ARV	GK	87	86
1935	1935 WC Qualifiers	Félicien Couture	ARV	MID	80	79
1935	1935 WC Qualifiers	Hadrien Deschamps	ARV	DEF	81	80
1935	1935 WC Qualifiers	Pierre Petit	ARV	FWD	83	82
1935	1935 WC Qualifiers	Tristan Fabron	ARV	MID	78	77
1935	1935 WC Qualifiers	Gonzalo Valbuena	ASK	MID	91	92
1935	1935 WC Qualifiers	Ismael Menéndez	ASK	DEF	86	87
1935	1935 WC Qualifiers	Jesus Halconero	ASK	FWD	82	81
1935	1935 WC Qualifiers	Nélson Ferreira	ASK	FWD	82	81
1935	1935 WC Qualifiers	Rodrigo Alvarenga	ASK	DEF	80	79
1935	1935 WC Qualifiers	Telmo Candeias	ASK	MID	84	83
1935	1935 WC Qualifiers	Xavier Cienfuegos	ASK	GK	89	88
1935	1935 WC Qualifiers	Nicanor Arandia	AUR	FWD	80	79
1935	1935 WC Qualifiers	Ánselmo Fernandez	AUR	MID	79	78
1935	1935 WC Qualifiers	Galsan Badmaev	AXE	MID	57	58
1935	1935 WC Qualifiers	Sofiane Mansouri	ABB	FWD	81	82
1935	1935 WC Qualifiers	Kannan Kurup	CAH	FWD	76	77
1935	1935 WC Qualifiers	Made Djelantik	CAH	FWD	81	82
1935	1935 WC Qualifiers	Cyprian Kulleh	CAH	FWD	72	71
1935	1935 WC Qualifiers	Wahyu Wibowo	CAH	MID	73	72
1935	1935 WC Qualifiers	Bartosz Jastrzębski	COR	MID	78	79
1935	1935 WC Qualifiers	Miłosz Zawadzki	COR	FWD	76	75
1935	1935 WC Qualifiers	Lakhdar Hamidi	ADV	MID	81	84
1935	1935 WC Qualifiers	Neçirvan Barzani	ADV	FWD	85	86
1935	1935 WC Qualifiers	Mariwan Nerweyi	ADV	DEF	67	65
1935	1935 WC Qualifiers	Eleu Pokipala	AED	FWD	59	60
1935	1935 WC Qualifiers	Jadarian Royce	ESU	MID	89	90
1935	1935 WC Qualifiers	Freek Hendriks	ESU	FWD	78	77
1935	1935 WC Qualifiers	Vito Moretti	ESU	MID	81	80
1935	1935 WC Qualifiers	Themistoklis Zervas	AST	MID	82	84
1935	1935 WC Qualifiers	Aristeidis Georgiou	AST	DEF	75	76
1935	1935 WC Qualifiers	Vlasios Nikolaou	AST	DEF	74	73
1935	1935 WC Qualifiers	Carnig Chalikyan	AEK	FWD	58	59
1935	1935 WC Qualifiers	Kakha Kvernadze	AEK	MID	85	86
1935	1935 WC Qualifiers	Heliodoro Medina	AEM	DEF	61	62
1935	1935 WC Qualifiers	Montasir El Andaloussi	AEM	DEF	62	63
1935	1935 WC Qualifiers	Youssef Valverde	AEM	MID	83	84
1935	1935 WC Qualifiers	Lewis Bardsley	ELV	MID	88	89
1935	1935 WC Qualifiers	Gunner Cannon	ELV	MID	81	80
1935	1935 WC Qualifiers	Jabari Hess	ELV	DEF	75	74
1935	1935 WC Qualifiers	Kieran Frost	ELV	MID	81	80
1935	1935 WC Qualifiers	Sheng Huang	FUR	MID	81	82
1935	1935 WC Qualifiers	Ning Jiang	FUR	FWD	71	70
1935	1935 WC Qualifiers	Qiang Zhu	FUR	MID	74	73
1935	1935 WC Qualifiers	Ilya Morozov	GIA	MID	81	84
1935	1935 WC Qualifiers	Valery Polyakov	GIA	FWD	77	78
1935	1935 WC Qualifiers	Anton Orlov	GIA	DEF	68	67
1935	1935 WC Qualifiers	Maxim Fedorov	GIA	DEF	70	69
1935	1935 WC Qualifiers	Qiushi Zhang	GUA	MID	78	80
1935	1935 WC Qualifiers	Zixuan Wang	GUA	GK	72	73
1935	1935 WC Qualifiers	Kamron Chancellor	HOL	MID	89	90
1935	1935 WC Qualifiers	Ricardo Sherman	HOL	MID	86	87
1935	1935 WC Qualifiers	Simón Arismendi	HOL	FWD	87	88
1935	1935 WC Qualifiers	Ambrose Pickett	HOL	MID	81	80
1935	1935 WC Qualifiers	Fabián Machado	HOL	FWD	81	80
1935	1935 WC Qualifiers	James Feruccio	HOL	MID	80	79
1935	1935 WC Qualifiers	Kemar Browner	HOL	MID	82	81
1935	1935 WC Qualifiers	Reuben Mendoza	HOL	DEF	77	75
1935	1935 WC Qualifiers	Sudhir Chakraborty	NHO	MID	82	84
1935	1935 WC Qualifiers	Konsta Yrjölä	KAR	DEF	82	84
1935	1935 WC Qualifiers	Kasper Kaljurand	KAR	MID	87	88
1935	1935 WC Qualifiers	Kuismaa Kivisild	KAR	FWD	80	81
1935	1935 WC Qualifiers	Armes Purtunen	KAR	FWD	79	78
1935	1935 WC Qualifiers	Voptá Hendá	KAR	FWD	79	78
1935	1935 WC Qualifiers	Anoup Ptahmose	KMT	MID	81	83
1935	1935 WC Qualifiers	Sarapamon Nakhtmin	KMT	FWD	81	83
1935	1935 WC Qualifiers	Papnoute Kenamun	KMT	DEF	67	66
1935	1935 WC Qualifiers	Notini Tikana	AKN	GK	60	61
1935	1935 WC Qualifiers	Raphael Simet	AKN	FWD	61	62
1935	1935 WC Qualifiers	Dural Tanumura	NKI	GK	81	83
1935	1935 WC Qualifiers	Warrik Wirandaru	NKI	DEF	79	80
1935	1935 WC Qualifiers	Yerrin Chindura	NKI	MID	85	86
1935	1935 WC Qualifiers	Kiyoshi Murandin	NKI	MID	82	81
1935	1935 WC Qualifiers	Minoru Andō	NKI	FWD	72	71
1935	1935 WC Qualifiers	Nirrim Biryara	NKI	MID	71	70
1935	1935 WC Qualifiers	Diethelm Brunner	AKG	DEF	57	58
1935	1935 WC Qualifiers	Omar Kazluaska	LVO	MID	81	84
1935	1935 WC Qualifiers	Gvidas Rimkevičius	LVO	DEF	79	81
1935	1935 WC Qualifiers	Otto Manteuffel	LVO	MID	71	70
1935	1935 WC Qualifiers	Durí Karí	NMZ	MID	80	81
1935	1935 WC Qualifiers	Tsirú Diköl	NMZ	DEF	69	70
1935	1935 WC Qualifiers	Kasi Hnamano	ENC	DEF	54	55
1935	1935 WC Qualifiers	Jobi Paoume	ENC	FWD	50	49
1935	1935 WC Qualifiers	Ganzorig Erdene	NCH	FWD	87	88
1935	1935 WC Qualifiers	Kazuyoshi Hiranuma	NCH	DEF	83	84
1935	1935 WC Qualifiers	Luca Higashiyama	NCH	MID	90	91
1935	1935 WC Qualifiers	Bibhuti Mohapatra	ENR	GK	67	68
1935	1935 WC Qualifiers	Osman Mamut	PER	DEF	71	73
1935	1935 WC Qualifiers	Ivan Gavrilovic	PER	DEF	71	72
1935	1935 WC Qualifiers	Miroslav Přibyl	POL	FWD	75	77
1935	1935 WC Qualifiers	Ladislav Kučera	POL	DEF	76	75
1935	1935 WC Qualifiers	August Rittenhouse	PON	MID	86	87
1935	1935 WC Qualifiers	Tilman Zartmann	PON	DEF	80	81
1935	1935 WC Qualifiers	Maximilian Mollenhauer	PON	GK	83	82
1935	1935 WC Qualifiers	Robert Schlösser	PON	FWD	75	74
1935	1935 WC Qualifiers	Volkmar Scherer	PON	FWD	81	79
1935	1935 WC Qualifiers	Denis Kuznetsov	RUD	FWD	89	90
1935	1935 WC Qualifiers	Kuzma Zvezdinsky	RUD	MID	85	86
1935	1935 WC Qualifiers	Pavel Sokolov	RUD	FWD	78	79
1935	1935 WC Qualifiers	Timur Oorzhak	RUD	DEF	83	82
1935	1935 WC Qualifiers	Toivo Grigorovic	RUD	DEF	76	75
1935	1935 WC Qualifiers	Matvei Popov	RUD	DEF	74	72
1935	1935 WC Qualifiers	Merkurios Kudanbes	NRG	DEF	77	80
1935	1935 WC Qualifiers	William Levice	SAL	MID	78	81
1935	1935 WC Qualifiers	Amos Donnelly	SAL	FWD	72	73
1935	1935 WC Qualifiers	Catmon Nacpil	SGD	FWD	78	79
1935	1935 WC Qualifiers	Makisig Liwanag	SGD	MID	80	81
1935	1935 WC Qualifiers	Sagip Gatmaitan	SGD	DEF	77	74
1935	1935 WC Qualifiers	Muzaffer Doğan	SEL	DEF	78	80
1935	1935 WC Qualifiers	Orkun Çeti̇n	SEL	MID	85	86
1935	1935 WC Qualifiers	Tunç Kenaanoğlu	SEL	DEF	83	84
1935	1935 WC Qualifiers	Selçuk Demirci	SEL	MID	79	78
1935	1935 WC Qualifiers	Dvir Alon	SHI	MID	74	75
1935	1935 WC Qualifiers	Yerucham Lehrer	SHI	MID	75	76
1935	1935 WC Qualifiers	Myroslav Zalizniak	SID	MID	79	80
1935	1935 WC Qualifiers	Sviatoslav Boyko	SID	MID	81	82
1935	1935 WC Qualifiers	Nazar Melnyk	SID	DEF	70	67
1935	1935 WC Qualifiers	Simphiwe Chabalala	ASP	MID	82	84
1935	1935 WC Qualifiers	Rolihlahla Mbeki	ASP	FWD	64	63
1935	1935 WC Qualifiers	Biel Chuol	SSA	DEF	49	50
1935	1935 WC Qualifiers	Gatdet Hoth	SSA	MID	48	49
1935	1935 WC Qualifiers	Niibin Nadjiwon	ATA	FWD	60	61
1935	1935 WC Qualifiers	Étienne Trieu	ATK	MID	83	84
1935	1935 WC Qualifiers	Péter Szabó	TUR	MID	90	91
1935	1935 WC Qualifiers	Sepideh Shakibaii	VAR	MID	86	87
1935	1935 WC Qualifiers	Valentino Zaccagni	VIC	MID	84	86
1935	1935 WC Qualifiers	Filippo Castiglione	VIC	DEF	86	87
1935	1935 WC Qualifiers	Lorenzo Squillaci	VIC	DEF	81	82
1935	1935 WC Qualifiers	Raffaele Lucchese	VIC	FWD	85	86
1935	1935 WC Qualifiers	Andrea Ferrari	VIC	DEF	82	81
1935	1935 WC Qualifiers	Danilo Della Rocca	VIC	DEF	80	79
1935	1935 WC Qualifiers	Egeo Scalera	VIC	MID	78	77
1935	1935 WC Qualifiers	Salvatore Romano	VIC	MID	77	76
1935	1935 WC Qualifiers	Rubel Munshi	AWB	FWD	63	64
1934	Club World Shield	August Rittenhouse	VIR	MID	87	88
1934	Club World Shield	Themistoklis Zervas	VIR	MID	84	83
1934	Club World Shield	Horace Peshlakai	SHE	FWD	85	87
1934	Club World Shield	Spencer Chadwick	SHE	MID	83	85
1934	Club World Shield	Eliel Klemetti	SHE	DEF	77	76
1934	Club World Shield	Alceste Derocles	SHE	DEF	77	76
1934	Club World Shield	Étienne Trieu	AYA	MID	84	86
1934	Club World Shield	Gen Fija	AYA	DEF	84	85
1934	Club World Shield	Makisig Liwanag	AYA	MID	81	82
1934	Club World Shield	Itsuki Toguchi	AYA	MID	79	80
1934	Club World Shield	Rémi Gauthier	AYA	FWD	87	86
1934	Club World Shield	Ismael Menéndez	ATO	DEF	87	88
1934	Club World Shield	Salvador Figueiredo	ATO	MID	80	81
1934	Club World Shield	Gil Moutinho	ATO	FWD	79	78
1934	Club World Shield	Stephan Kiefer	E02	MID	80	82
1934	Club World Shield	Rafaël Altena	E02	DEF	79	80
1934	Club World Shield	Heike Kaiser	E02	DEF	80	81
1934	Club World Shield	Wiebe Simons	E02	MID	75	74
1934	Club World Shield	Geert Winklers	E02	FWD	75	74
1934	Club World Shield	Simphiwe Chabalala	TOT	MID	84	85
1934	Club World Shield	Izan Santander	TOT	DEF	80	79
1934	Club World Shield	Emilio Bianchi	TOT	MID	77	76
1934	Club World Shield	Lorenzo Squillaci	TOT	DEF	82	81
1934	Club World Shield	Aurélien Boissonnade	TOT	FWD	82	81
1934	Club World Shield	Marc-Antoine Peyrefitte	BOR	FWD	76	78
1934	Club World Shield	Aurèle Castelnau	BOR	DEF	78	79
1934	Club World Shield	Fabrice Duquesnoy	BOR	DEF	75	74
1934	Club World Shield	Yanbo Ma	BNG	DEF	69	71
1934	Club World Shield	Haoyu Shi	BNG	DEF	69	71
1934	Club World Shield	Catmon Nacpil	BNG	FWD	79	80
1934	Club World Shield	Zemin Mao	BNG	FWD	80	79
1934	Club World Shield	Weilin Fu	BNG	MID	69	68
1934	Club World Shield	Jianhong Lin	BNG	MID	63	62
1934	Club World Shield	Gerhart Stromeyer	AGL	MID	80	82
1934	Club World Shield	Thibault Rochefort	AGL	DEF	78	79
1934	Club World Shield	Masaharu Onodera	AGL	FWD	77	78
1934	Club World Shield	Pyrros Dimitrakopoulos	AGL	MID	76	77
1934	Club World Shield	Prokopis Karagiannis	AGL	MID	74	73
1934	Club World Shield	Valter Hagberg	VAT	DEF	75	76
1934	Club World Shield	Jakob Davidsen	VAT	MID	75	74
1934	Club World Shield	Rolf Svegårdh	VAT	MID	76	75
1934	Club World Shield	Anton Friedeberg	TYN	MID	80	81
1934	Club World Shield	Ondřej Černý	TYN	MID	81	82
1934	Club World Shield	Eiichi Fujimori	TYN	FWD	76	75
1934	Club World Shield	Damien Scholtes	LUZ	MID	76	77
1934	Club World Shield	Adalbert Brandhofer	YNC	FWD	80	82
1934	Club World Shield	Hartmut Schachtner	YNC	DEF	80	81
1934	Club World Shield	Berat Çankaya	YNC	FWD	73	75
1934	Club World Shield	Cyprian Regent	YNC	MID	76	75
1934	Club World Shield	Onur Tekeli̇	YNC	MID	74	73
1934	Club World Shield	Yoshinori Mizoguchi	YNC	FWD	78	77
1934	Club World Shield	Orkun Çeti̇n	NAG	MID	86	87
1934	Club World Shield	Sviatoslav Boyko	NAG	MID	82	83
1934	Club World Shield	Wyatt Bradford	NAG	DEF	83	84
1934	Club World Shield	József Antall	NAG	FWD	84	83
1934	Club World Shield	Federico Soberon	NAG	DEF	77	76
1934	Club World Shield	Palmiro Contini	LA	GK	79	80
1934	Club World Shield	Wendell Abernathy	LA	FWD	78	79
1934	Club World Shield	Nathanael Custer	LA	DEF	77	75
1934	Club World Shield	Ali Macalipay	LA	DEF	76	75
1934	Club World Shield	Anselmo Carranza	LA	DEF	83	82
1934	Club World Shield	Karel Černý	CSG	FWD	80	81
1934	Club World Shield	Timur Iskanderov	CSG	MID	74	75
1934	Club World Shield	Ostap Hrytsenko	CSG	DEF	72	71
1934	Club World Shield	Thor Andresen	SPA	FWD	83	85
1934	Club World Shield	Ane Ludvigsen	SPA	DEF	79	80
1934	Club World Shield	Ime Paulsen	SPA	MID	81	82
1934	Club World Shield	Filip Kartensen	SPA	FWD	75	74
1934	Club World Shield	Dario Spinetta	CDM	FWD	72	74
1934	Club World Shield	Charles-Henri Boissieu	CDM	MID	74	73
1934	Club World Shield	Daivid Fedoroff	XIV	MID	76	77
1934	Club World Shield	Günther Rajala	XIV	FWD	78	79
1934	Club World Shield	Zdeno Medved	XIV	DEF	78	77
1934	Club World Shield	Yrjö Hietanen	XIV	DEF	76	75
1934	Club World Shield	Robin Karlsson	XIV	MID	79	78
1934	Club World Shield	Saleim Razhimi	XIV	FWD	75	74
1934	Club World Shield	Amichai Shtern	HET	DEF	68	69
1934	Club World Shield	László Gazda	GUR	DEF	74	75
1934	Club World Shield	Sixten Vallgren	GUR	MID	75	74
1934	Club World Shield	Göran Staffansson	GUR	DEF	74	73
1934	Club World Shield	Mitch Dales	GUR	FWD	78	77
1934	Club World Shield	Ausiàs Campanar	CA	MID	82	84
1934	Club World Shield	Matías Salcedo	CA	FWD	84	85
1934	Club World Shield	Volkmar Scherer	CA	FWD	79	77
1934	Club World Shield	Augustin Aragonés	CA	FWD	81	80
1934	Club World Shield	Aleix Benimaclet	CA	DEF	80	79
1934	Club World Shield	Rui Seabra	CA	DEF	78	77
1934	Club World Shield	Damián Quevedo	CA	MID	76	75
1934	Club World Shield	Naif Khaldi	SHU	FWD	66	67
1934	Club World Shield	Abdulrahman Al-Bishi	SHU	FWD	65	66
1934	Club World Shield	James Feruccio	AFK	MID	79	81
1934	Club World Shield	Konsta Yrjölä	AFK	DEF	84	85
1934	Club World Shield	Jalo Rehn	AFK	MID	75	74
1934	Club World Shield	Valde Latvala	AFK	MID	73	72
1934	Club World Shield	Nuuti Miettinen	AFK	DEF	73	72
1934	Club World Shield	Eski Ruudanen	RSR	DEF	78	79
1934	Club World Shield	Nemanja Petrovic	RSR	FWD	77	76
1934	Club World Shield	Carl Mathiassen	RSR	DEF	76	75
1934	Club World Shield	Samara Josefovic	RSR	DEF	77	76
1934	Club World Shield	Kasperi Karinen	RSR	GK	79	78
1934	Club World Shield	Nikolai Tormotoff	RSR	FWD	74	73
1934	Club World Shield	Hartmann Kiefer	ZUR	DEF	80	79
1934	Club World Shield	Reinhold Weimann	ZUR	MID	78	77
1934	Club World Shield	Adalbert Bleier	ZUR	DEF	74	73
1934	Club World Shield	Hartwin Schwarz	ZUR	MID	79	78
1934	Club World Shield	Noah Weber	ZUR	FWD	76	75
1934	Club World Shield	Hartwig Von Buxhoeveden	ECH	DEF	76	77
1934	Club World Shield	Paulus Schmidt	ECH	FWD	71	70
1934	Club World Shield	Heinrich Stackelberg	ECH	MID	74	73
1934	Club World Shield	Kaspars Vaitkus	ECH	DEF	71	70
1934	Club World Shield	Dénes Kender	SZT	DEF	66	67
1934	Club World Shield	Árpád Halasdy	SZT	DEF	68	67
1934	Club World Shield	Rajmond Bácszegi	SZT	MID	70	69
1934	Club World Shield	Balázs Givrocsics	SZT	MID	65	64
1934	Club World Shield	Klim Zaytsev	KRK	MID	74	75
1934	Club World Shield	Miron Sviridov	KRK	DEF	71	70
1934	Club World Shield	Yakov Myshkin	KRK	DEF	71	70
1934	Club World Shield	Ilarion Trubetskoy	KRK	MID	71	70
1934	Club World Shield	Terenty Batyushkov	KRK	MID	71	70
1934	Club World Shield	Fedor Frolov	KRK	FWD	72	71
1934	Club World Shield	Alimjan Turghun	KRK	FWD	80	79
1934	Club World Shield	Ravid Biton	ESH	MID	71	72
1934	Club World Shield	Dariush Hamedani	ESH	DEF	65	64
1934	Club World Shield	Avichai Biran	ESH	FWD	68	67
1934	Club World Shield	Gilad Zaguri	ESH	MID	62	61
1934	Club World Shield	Kaveh Rezghi	EST	MID	71	72
1934	Club World Shield	Sohrab Gandomzar	EST	MID	61	60
1934	Club World Shield	Cyrus Pazdar	EST	MID	62	61
1934	Club World Shield	Arsalan Kheybari	EST	MID	62	61
1934	Club World Shield	Fardin Mehrgan	EST	FWD	63	62
1934	Club World Shield	Junjie Xu	BNG	MID	69	70
1934	Club World Shield	István Barta	SZT	DEF	67	68
1934	Club World Shield	Márk Vígh	SZT	MID	68	69
1934	Club World Shield	Erik Sundqvist	VAT	MID	81	82
1934	Club World Shield	Ural Yusupov	CSG	MID	73	72
1934	Club World Shield	Miltiadis Galanis	VIR	FWD	89	88
1934	Club World Shield	Frans Cuijpers	E02	FWD	79	80
1934	Club World Shield	Chenglei Zhou	BNG	DEF	64	65
1934	Club World Shield	Edvard Bolander	GUR	DEF	73	74
1934	Club World Shield	Ludvig Laaksonen	XIV	GK	76	77
